,v1Act1,v1Act2,v1ActAvg,v1Sent1,v1Sent2,v1SentAvg,v2Act1,v2Act2,v2ActAvg,v2Sent1,v2Sent2,v2SentAvg,v3Act1,v3Act2,v3ActAvg,v3Sent1,v3Sent2,v3SentAvg,Video
2015 01 28 0,5.0,,5.0,4.0,,4.0,,,,,,,,,,,,,2015 01 28 0
2015 01 28 1,6.0,6.0,6.0,3.0,4.0,3.5,5.0,5.0,5.0,5.0,4.0,4.5,,,,,,,2015 01 28 1
2015 01 28 2,8.0,,8.0,3.0,,3.0,,,,,,,6.0,5.0,5.5,5.0,5.0,5.0,2015 01 28 2
2015 01 28 3,4.0,3.0,3.5,3.0,1.0,2.0,5.0,5.0,5.0,2.0,2.0,2.0,,,,,,,2015 01 28 3
2015 01 28 4,,,,,,,,,,,,,6.0,5.0,5.5,4.0,5.0,4.5,2015 01 28 4
2015 01 28 5,7.0,,7.0,2.0,,2.0,8.0,,8.0,3.0,,3.0,7.0,,7.0,3.0,,3.0,2015 01 28 5
2015 01 28 6,3.0,6.0,4.5,7.0,6.0,6.5,5.0,,5.0,6.0,,6.0,6.0,,6.0,5.0,,5.0,2015 01 28 6
2015 01 28 7,5.0,,5.0,4.0,,4.0,5.0,,5.0,5.0,,5.0,,,,,,,2015 01 28 7
2015 01 28 8,4.0,5.0,4.5,3.0,3.0,3.0,,,,,,,,,,,,,2015 01 28 8
2015 01 28 9,3.0,5.0,4.0,5.0,4.0,4.5,5.0,,5.0,6.0,,6.0,3.0,,3.0,5.0,,5.0,2015 01 28 9
2015 02 05 0,6.0,,6.0,3.0,,3.0,6.0,6.0,6.0,6.0,4.0,5.0,,,,,,,2015 02 05 0
2015 02 05 1,5.0,,5.0,5.0,,5.0,5.0,,5.0,3.0,,3.0,,,,,,,2015 02 05 1
2015 02 05 2,6.0,6.0,6.0,3.0,2.0,2.5,7.0,,7.0,1.0,,1.0,,,,,,,2015 02 05 2
2015 02 05 3,,,,,,,6.0,6.0,6.0,6.0,6.0,6.0,,,,,,,2015 02 05 3
2015 02 05 4,6.0,,6.0,3.0,,3.0,6.0,,6.0,4.0,,4.0,6.0,,6.0,4.0,,4.0,2015 02 05 4
2015 02 05 5,6.0,6.0,6.0,4.0,3.0,3.5,7.0,7.0,7.0,3.0,3.0,3.0,,,,,,,2015 02 05 5
2015 02 05 6,,,,,,,5.0,6.0,5.5,5.0,4.0,4.5,6.0,,6.0,6.0,,6.0,2015 02 05 6
2015 02 05 7,6.0,5.0,5.5,4.0,3.0,3.5,,,,,,,,,,,,,2015 02 05 7
2015 02 05 8,4.0,5.0,4.5,3.0,4.0,3.5,6.0,5.0,5.5,7.0,7.0,7.0,,,,,,,2015 02 05 8
2015 02 05 9,,,,,,,6.0,6.0,6.0,4.0,3.0,3.5,6.0,,6.0,5.0,,5.0,2015 02 05 9
2015 02 17 0,4.0,4.0,4.0,5.0,4.0,4.5,5.0,,5.0,5.0,,5.0,,,,,,,2015 02 17 0
2015 02 17 1,4.0,5.0,4.5,6.0,7.0,6.5,5.0,5.0,5.0,8.0,7.0,7.5,4.0,,4.0,5.0,,5.0,2015 02 17 1
2015 02 17 2,6.0,,6.0,3.0,,3.0,6.0,7.0,6.5,4.0,3.0,3.5,5.0,,5.0,4.0,,4.0,2015 02 17 2
2015 02 17 3,3.0,4.0,3.5,4.0,5.0,4.5,,,,,,,,,,,,,2015 02 17 3
2015 02 17 4,5.0,,5.0,3.0,,3.0,6.0,6.0,6.0,2.0,2.0,2.0,5.0,,5.0,4.0,,4.0,2015 02 17 4
2015 02 17 5,5.0,,5.0,5.0,,5.0,6.0,6.0,6.0,6.0,6.0,6.0,,,,,,,2015 02 17 5
2015 02 17 6,7.0,7.0,7.0,1.0,3.0,2.0,,,,,,,,,,,,,2015 02 17 6
2015 02 17 7,6.0,,6.0,3.0,,3.0,6.0,,6.0,3.0,,3.0,5.0,,5.0,4.0,,4.0,2015 02 17 7
2015 02 17 8,6.0,6.0,6.0,4.0,4.0,4.0,,,,,,,,,,,,,2015 02 17 8
2015 02 17 9,,,,,,,5.0,,5.0,7.0,,7.0,,,,,,,2015 02 17 9
2015 02 20 0,7.0,7.0,7.0,2.0,3.0,2.5,6.0,,6.0,2.0,,2.0,8.0,,8.0,2.0,,2.0,2015 02 20 0
2015 02 20 1,,,,,,,7.0,,7.0,3.0,,3.0,,,,,,,2015 02 20 1
2015 02 20 2,5.0,6.0,5.5,2.0,3.0,2.5,6.0,,6.0,4.0,,4.0,,,,,,,2015 02 20 2
2015 02 20 3,8.0,,8.0,2.0,,2.0,6.0,,6.0,3.0,,3.0,,,,,,,2015 02 20 3
2015 02 20 4,7.0,7.0,7.0,2.0,3.0,2.5,,,,,,,,,,,,,2015 02 20 4
2015 02 20 5,6.0,,6.0,4.0,,4.0,6.0,,6.0,2.0,,2.0,,,,,,,2015 02 20 5
2015 02 20 6,6.0,7.0,6.5,3.0,3.0,3.0,6.0,,6.0,3.0,,3.0,,,,,,,2015 02 20 6
2015 02 20 7,6.0,5.0,5.5,4.0,5.0,4.5,5.0,,5.0,7.0,,7.0,5.0,,5.0,6.0,,6.0,2015 02 20 7
2015 02 20 8,5.0,,5.0,4.0,,4.0,5.0,,5.0,6.0,,6.0,5.0,5.0,5.0,5.0,5.0,5.0,2015 02 20 8
2015 02 20 9,6.0,,6.0,4.0,,4.0,,,,,,,5.0,,5.0,5.0,,5.0,2015 02 20 9
2015 02 25 0,6.0,6.0,6.0,4.0,5.0,4.5,6.0,5.0,5.5,6.0,5.0,5.5,,,,,,,2015 02 25 0
2015 02 25 1,6.0,6.0,6.0,4.0,4.0,4.0,,,,,,,7.0,,7.0,4.0,,4.0,2015 02 25 1
2015 02 25 2,,,,,,,6.0,6.0,6.0,2.0,2.0,2.0,,,,,,,2015 02 25 2
2015 02 25 3,,,,,,,5.0,,5.0,6.0,,6.0,4.0,,4.0,4.0,,4.0,2015 02 25 3
2015 02 25 4,7.0,,7.0,2.0,,2.0,7.0,7.0,7.0,3.0,3.0,3.0,,,,,,,2015 02 25 4
2015 02 25 5,,,,,,,5.0,,5.0,6.0,,6.0,4.0,,4.0,5.0,,5.0,2015 02 25 5
2015 02 25 6,6.0,5.0,5.5,5.0,5.0,5.0,,,,,,,,,,,,,2015 02 25 6
2015 02 25 7,4.0,4.0,4.0,6.0,5.0,5.5,,,,,,,4.0,,4.0,6.0,,6.0,2015 02 25 7
2015 02 25 8,6.0,,6.0,4.0,,4.0,5.0,,5.0,6.0,,6.0,,,,,,,2015 02 25 8
2015 02 25 9,,,,,,,5.0,5.0,5.0,6.0,7.0,6.5,3.0,,3.0,5.0,,5.0,2015 02 25 9
2015 03 09 0,,,,,,,5.0,5.0,5.0,5.0,5.0,5.0,,,,,,,2015 03 09 0
2015 03 09 1,5.0,,5.0,3.0,,3.0,5.0,,5.0,4.0,,4.0,5.0,,5.0,5.0,,5.0,2015 03 09 1
2015 03 09 2,,,,,,,7.0,,7.0,4.0,,4.0,,,,,,,2015 03 09 2
2015 03 09 3,5.0,,5.0,5.0,,5.0,5.0,,5.0,5.0,,5.0,5.0,,5.0,5.0,,5.0,2015 03 09 3
2015 03 09 4,6.0,,6.0,3.0,,3.0,6.0,5.0,5.5,2.0,3.0,2.5,,,,,,,2015 03 09 4
2015 03 09 5,5.0,,5.0,4.0,,4.0,6.0,,6.0,3.0,,3.0,,,,,,,2015 03 09 5
2015 03 09 6,6.0,5.0,5.5,3.0,5.0,4.0,,,,,,,4.0,,4.0,5.0,,5.0,2015 03 09 6
2015 03 09 7,6.0,,6.0,3.0,,3.0,,,,,,,,,,,,,2015 03 09 7
2015 03 09 8,6.0,,6.0,3.0,,3.0,7.0,6.0,6.5,4.0,5.0,4.5,,,,,,,2015 03 09 8
2015 03 09 9,5.0,,5.0,4.0,,4.0,5.0,,5.0,6.0,,6.0,5.0,5.0,5.0,5.0,5.0,5.0,2015 03 09 9
2015 03 12 0,5.0,,5.0,4.0,,4.0,5.0,5.0,5.0,3.0,5.0,4.0,,,,,,,2015 03 12 0
2015 03 12 1,6.0,6.0,6.0,4.0,3.0,3.5,6.0,,6.0,2.0,,2.0,6.0,6.0,6.0,3.0,5.0,4.0,2015 03 12 1
2015 03 12 2,6.0,7.0,6.5,3.0,3.0,3.0,,,,,,,7.0,,7.0,3.0,,3.0,2015 03 12 2
2015 03 12 3,4.0,,4.0,4.0,,4.0,5.0,5.0,5.0,4.0,3.0,3.5,,,,,,,2015 03 12 3
2015 03 12 4,,,,,,,,,,,,,4.0,,4.0,5.0,,5.0,2015 03 12 4
2015 03 12 5,5.0,,5.0,7.0,,7.0,6.0,,6.0,6.0,,6.0,,,,,,,2015 03 12 5
2015 03 12 6,8.0,9.0,8.5,2.0,1.0,1.5,,,,,,,,,,,,,2015 03 12 6
2015 03 12 7,6.0,7.0,6.5,2.0,3.0,2.5,6.0,7.0,6.5,2.0,2.0,2.0,,,,,,,2015 03 12 7
2015 03 12 8,,,,,,,8.0,8.0,8.0,4.0,4.0,4.0,7.0,,7.0,5.0,,5.0,2015 03 12 8
2015 03 12 9,2.0,,2.0,5.0,,5.0,6.0,,6.0,5.0,,5.0,,,,,,,2015 03 12 9
2015 03 24 0,5.0,,5.0,5.0,,5.0,5.0,,5.0,3.0,,3.0,,,,,,,2015 03 24 0
2015 03 24 1,,,,,,,6.0,,6.0,3.0,,3.0,4.0,,4.0,5.0,,5.0,2015 03 24 1
2015 03 24 2,,,,,,,5.0,6.0,5.5,3.0,3.0,3.0,4.0,,4.0,5.0,,5.0,2015 03 24 2
2015 03 24 3,6.0,5.0,5.5,5.0,5.0,5.0,6.0,,6.0,5.0,,5.0,5.0,5.0,5.0,5.0,5.0,5.0,2015 03 24 3
2015 03 24 4,2.0,3.0,2.5,7.0,7.0,7.0,5.0,,5.0,7.0,,7.0,,,,,,,2015 03 24 4
2015 03 24 5,5.0,,5.0,5.0,,5.0,5.0,,5.0,6.0,,6.0,4.0,,4.0,6.0,,6.0,2015 03 24 5
2015 03 24 6,5.0,6.0,5.5,6.0,4.0,5.0,6.0,6.0,6.0,6.0,6.0,6.0,,,,,,,2015 03 24 6
2015 03 24 7,6.0,,6.0,3.0,,3.0,8.0,,8.0,2.0,,2.0,,,,,,,2015 03 24 7
2015 03 24 8,5.0,,5.0,1.0,,1.0,5.0,6.0,5.5,2.0,2.0,2.0,,,,,,,2015 03 24 8
2015 03 24 9,6.0,6.0,6.0,4.0,4.0,4.0,,,,,,,,,,,,,2015 03 24 9
2015 03 27 0,,,,,,,6.0,5.0,5.5,2.0,3.0,2.5,6.0,,6.0,3.0,,3.0,2015 03 27 0
2015 03 27 1,5.0,,5.0,4.0,,4.0,,,,,,,,,,,,,2015 03 27 1
2015 03 27 2,6.0,6.0,6.0,3.0,4.0,3.5,,,,,,,6.0,4.0,5.0,4.0,5.0,4.5,2015 03 27 2
2015 03 27 3,7.0,6.0,6.5,3.0,3.0,3.0,6.0,7.0,6.5,2.0,3.0,2.5,6.0,,6.0,6.0,,6.0,2015 03 27 3
2015 03 27 4,7.0,7.0,7.0,1.0,2.0,1.5,7.0,7.0,7.0,2.0,2.0,2.0,6.0,,6.0,1.0,,1.0,2015 03 27 4
2015 03 27 5,6.0,5.0,5.5,3.0,4.0,3.5,5.0,,5.0,1.0,,1.0,5.0,,5.0,5.0,,5.0,2015 03 27 5
2015 03 27 6,,,,,,,9.0,,9.0,2.0,,2.0,,,,,,,2015 03 27 6
2015 03 27 7,,,,,,,6.0,6.0,6.0,4.0,4.0,4.0,,,,,,,2015 03 27 7
2015 03 27 8,6.0,6.0,6.0,5.0,6.0,5.5,7.0,,7.0,8.0,,8.0,5.0,,5.0,7.0,,7.0,2015 03 27 8
2015 03 27 9,5.0,5.0,5.0,5.0,4.0,4.5,,,,,,,,,,,,,2015 03 27 9
2015 04 01 0,,,,,,,4.0,,4.0,5.0,,5.0,,,,,,,2015 04 01 0
2015 04 01 2,6.0,6.0,6.0,3.0,3.0,3.0,6.0,,6.0,2.0,,2.0,,,,,,,2015 04 01 2
2015 04 01 3,9.0,,9.0,1.0,,1.0,,,,,,,7.0,7.0,7.0,3.0,3.0,3.0,2015 04 01 3
2015 04 01 4,6.0,,6.0,4.0,,4.0,,,,,,,6.0,6.0,6.0,5.0,4.0,4.5,2015 04 01 4
2015 04 01 5,8.0,7.0,7.5,0.0,2.0,1.0,7.0,7.0,7.0,1.0,1.0,1.0,6.0,,6.0,4.0,,4.0,2015 04 01 5
2015 04 01 6,,,,,,,7.0,,7.0,3.0,,3.0,7.0,7.0,7.0,4.0,4.0,4.0,2015 04 01 6
2015 04 01 7,5.0,6.0,5.5,3.0,3.0,3.0,7.0,6.0,6.5,1.0,3.0,2.0,6.0,,6.0,3.0,,3.0,2015 04 01 7
2015 04 01 8,6.0,6.0,6.0,4.0,4.0,4.0,6.0,5.0,5.5,5.0,5.0,5.0,,,,,,,2015 04 01 8
2015 04 01 9,5.0,6.0,5.5,4.0,4.0,4.0,5.0,5.0,5.0,4.0,3.0,3.5,6.0,6.0,6.0,4.0,5.0,4.5,2015 04 01 9
2015 04 21 0,5.0,,5.0,3.0,,3.0,5.0,5.0,5.0,4.0,2.0,3.0,4.0,,4.0,4.0,,4.0,2015 04 21 0
2015 04 21 1,5.0,,5.0,5.0,,5.0,5.0,,5.0,5.0,,5.0,,,,,,,2015 04 21 1
2015 04 21 2,,,,,,,7.0,7.0,7.0,2.0,2.0,2.0,6.0,6.0,6.0,5.0,3.0,4.0,2015 04 21 2
2015 04 21 3,6.0,,6.0,3.0,,3.0,,,,,,,6.0,5.0,5.5,5.0,4.0,4.5,2015 04 21 3
2015 04 21 4,4.0,5.0,4.5,5.0,5.0,5.0,5.0,,5.0,5.0,,5.0,5.0,,5.0,5.0,,5.0,2015 04 21 4
2015 04 21 5,6.0,,6.0,3.0,,3.0,7.0,7.0,7.0,2.0,3.0,2.5,6.0,,6.0,4.0,,4.0,2015 04 21 5
2015 04 21 6,6.0,6.0,6.0,4.0,5.0,4.5,7.0,7.0,7.0,5.0,5.0,5.0,6.0,,6.0,4.0,,4.0,2015 04 21 6
2015 04 21 7,,,,,,,7.0,6.0,6.5,7.0,6.0,6.5,,,,,,,2015 04 21 7
2015 04 21 8,6.0,,6.0,4.0,,4.0,6.0,5.0,5.5,5.0,4.0,4.5,5.0,5.0,5.0,4.0,5.0,4.5,2015 04 21 8
2015 04 21 9,5.0,,5.0,5.0,,5.0,5.0,,5.0,5.0,,5.0,5.0,,5.0,5.0,,5.0,2015 04 21 9
2015 04 24 0,6.0,7.0,6.5,3.0,3.0,3.0,6.0,,6.0,2.0,,2.0,,,,,,,2015 04 24 0
2015 04 24 1,5.0,6.0,5.5,4.0,5.0,4.5,5.0,,5.0,5.0,,5.0,5.0,,5.0,5.0,,5.0,2015 04 24 1
2015 04 24 2,6.0,6.0,6.0,3.0,3.0,3.0,6.0,6.0,6.0,2.0,2.0,2.0,,,,,,,2015 04 24 2
2015 04 24 3,5.0,5.0,5.0,3.0,3.0,3.0,6.0,6.0,6.0,3.0,3.0,3.0,2.0,,2.0,2.0,,2.0,2015 04 24 3
2015 04 24 4,,,,,,,9.0,8.0,8.5,2.0,1.0,1.5,8.0,,8.0,3.0,,3.0,2015 04 24 4
2015 04 24 5,5.0,,5.0,4.0,,4.0,,,,,,,5.0,5.0,5.0,5.0,5.0,5.0,2015 04 24 5
2015 04 24 6,6.0,6.0,6.0,3.0,3.0,3.0,6.0,,6.0,3.0,,3.0,6.0,5.0,5.5,5.0,5.0,5.0,2015 04 24 6
2015 04 24 7,,,,,,,7.0,7.0,7.0,3.0,3.0,3.0,,,,,,,2015 04 24 7
2015 04 24 8,,,,,,,7.0,,7.0,4.0,,4.0,6.0,6.0,6.0,4.0,5.0,4.5,2015 04 24 8
2015 04 24 9,5.0,5.0,5.0,5.0,4.0,4.5,6.0,6.0,6.0,6.0,6.0,6.0,5.0,,5.0,5.0,,5.0,2015 04 24 9
2015 04 29 0,7.0,6.0,6.5,3.0,4.0,3.5,8.0,7.0,7.5,5.0,3.0,4.0,7.0,6.0,6.5,4.0,5.0,4.5,2015 04 29 0
2015 04 29 1,7.0,7.0,7.0,3.0,3.0,3.0,7.0,,7.0,5.0,,5.0,7.0,,7.0,4.0,,4.0,2015 04 29 1
2015 04 29 2,7.0,6.0,6.5,10.0,7.0,8.5,6.0,6.0,6.0,9.0,9.0,9.0,6.0,4.0,5.0,6.0,5.0,5.5,2015 04 29 2
2015 04 29 3,6.0,,6.0,4.0,,4.0,6.0,6.0,6.0,6.0,6.0,6.0,5.0,,5.0,5.0,,5.0,2015 04 29 3
2015 04 29 4,5.0,5.0,5.0,6.0,5.0,5.5,5.0,,5.0,6.0,,6.0,5.0,,5.0,5.0,,5.0,2015 04 29 4
2015 04 29 5,,,,,,,6.0,,6.0,4.0,,4.0,,,,,,,2015 04 29 5
2015 04 29 7,7.0,7.0,7.0,2.0,3.0,2.5,7.0,,7.0,3.0,,3.0,6.0,,6.0,2.0,,2.0,2015 04 29 7
2015 04 29 8,6.0,6.0,6.0,2.0,4.0,3.0,7.0,7.0,7.0,3.0,3.0,3.0,,,,,,,2015 04 29 8
2015 04 29 9,6.0,7.0,6.5,4.0,3.0,3.5,6.0,7.0,6.5,3.0,2.0,2.5,,,,,,,2015 04 29 9
2015 05 12 0,6.0,,6.0,3.0,,3.0,6.0,,6.0,3.0,,3.0,,,,,,,2015 05 12 0
2015 05 12 1,5.0,,5.0,6.0,,6.0,,,,,,,5.0,,5.0,6.0,,6.0,2015 05 12 1
2015 05 12 2,3.0,5.0,4.0,6.0,4.0,5.0,5.0,6.0,5.5,5.0,6.0,5.5,3.0,,3.0,5.0,,5.0,2015 05 12 2
2015 05 12 3,,,,,,,5.0,6.0,5.5,5.0,6.0,5.5,5.0,,5.0,5.0,,5.0,2015 05 12 3
2015 05 12 4,7.0,7.0,7.0,2.0,3.0,2.5,7.0,7.0,7.0,2.0,2.0,2.0,,,,,,,2015 05 12 4
2015 05 12 6,6.0,5.0,5.5,5.0,5.0,5.0,5.0,,5.0,9.0,,9.0,5.0,,5.0,5.0,,5.0,2015 05 12 6
2015 05 12 7,6.0,,6.0,3.0,,3.0,8.0,,8.0,2.0,,2.0,,,,,,,2015 05 12 7
2015 05 12 8,,,,,,,6.0,6.0,6.0,3.0,2.0,2.5,,,,,,,2015 05 12 8
2015 05 12 9,5.0,5.0,5.0,5.0,5.0,5.0,6.0,5.0,5.5,5.0,5.0,5.0,,,,,,,2015 05 12 9
2015 05 15 0,4.0,5.0,4.5,7.0,0.0,3.5,5.0,,5.0,4.0,,4.0,5.0,,5.0,5.0,,5.0,2015 05 15 0
2015 05 15 1,,,,,,,5.0,,5.0,6.0,,6.0,3.0,,3.0,6.0,,6.0,2015 05 15 1
2015 05 15 2,8.0,,8.0,2.0,,2.0,9.0,,9.0,1.0,,1.0,,,,,,,2015 05 15 2
2015 05 15 3,4.0,,4.0,4.0,,4.0,,,,,,,,,,,,,2015 05 15 3
2015 05 15 4,5.0,6.0,5.5,4.0,3.0,3.5,,,,,,,,,,,,,2015 05 15 4
2015 05 15 5,6.0,7.0,6.5,3.0,2.0,2.5,7.0,6.0,6.5,3.0,3.0,3.0,,,,,,,2015 05 15 5
2015 05 15 6,5.0,,5.0,3.0,,3.0,5.0,5.0,5.0,5.0,5.0,5.0,5.0,,5.0,5.0,,5.0,2015 05 15 6
2015 05 15 7,3.0,5.0,4.0,5.0,7.0,6.0,6.0,,6.0,8.0,,8.0,4.0,,4.0,7.0,,7.0,2015 05 15 7
2015 05 15 9,4.0,2.0,3.0,5.0,5.0,5.0,4.0,,4.0,5.0,,5.0,4.0,,4.0,5.0,,5.0,2015 05 15 9
2015 05 27 0,6.0,6.0,6.0,3.0,3.0,3.0,6.0,5.0,5.5,4.0,5.0,4.5,6.0,,6.0,5.0,,5.0,2015 05 27 0
2015 05 27 1,7.0,6.0,6.5,3.0,4.0,3.5,6.0,6.0,6.0,4.0,4.0,4.0,5.0,7.0,6.0,5.0,5.0,5.0,2015 05 27 1
2015 05 27 2,7.0,,7.0,2.0,,2.0,7.0,7.0,7.0,6.0,4.0,5.0,6.0,,6.0,4.0,,4.0,2015 05 27 2
2015 05 27 3,7.0,6.0,6.5,2.0,3.0,2.5,7.0,,7.0,2.0,,2.0,6.0,,6.0,4.0,,4.0,2015 05 27 3
2015 05 27 4,,,,,,,6.0,7.0,6.5,2.0,2.0,2.0,,,,,,,2015 05 27 4
2015 05 27 5,5.0,6.0,5.5,4.0,4.0,4.0,,,,,,,6.0,,6.0,3.0,,3.0,2015 05 27 5
2015 05 27 6,5.0,5.0,5.0,3.0,4.0,3.5,6.0,6.0,6.0,5.0,5.0,5.0,,,,,,,2015 05 27 6
2015 05 27 7,6.0,,6.0,4.0,,4.0,6.0,6.0,6.0,4.0,5.0,4.5,5.0,,5.0,5.0,,5.0,2015 05 27 7
2015 05 27 8,5.0,,5.0,5.0,,5.0,5.0,,5.0,5.0,,5.0,,,,,,,2015 05 27 8
2015 05 27 9,5.0,6.0,5.5,3.0,4.0,3.5,6.0,,6.0,3.0,,3.0,6.0,6.0,6.0,5.0,5.0,5.0,2015 05 27 9
2015 06 01 0,5.0,,5.0,5.0,,5.0,5.0,,5.0,7.0,,7.0,5.0,5.0,5.0,5.0,5.0,5.0,2015 06 01 0
2015 06 01 1,,,,,,,,,,,,,3.0,,3.0,5.0,,5.0,2015 06 01 1
2015 06 01 2,,,,,,,6.0,,6.0,4.0,,4.0,,,,,,,2015 06 01 2
2015 06 01 3,2.0,,2.0,5.0,,5.0,5.0,,5.0,8.0,,8.0,,,,,,,2015 06 01 3
2015 06 01 4,7.0,6.0,6.5,2.0,2.0,2.0,,,,,,,,,,,,,2015 06 01 4
2015 06 01 5,4.0,,4.0,5.0,,5.0,,,,,,,,,,,,,2015 06 01 5
2015 06 01 6,,,,,,,6.0,6.0,6.0,8.0,7.0,7.5,,,,,,,2015 06 01 6
2015 06 01 7,6.0,6.0,6.0,4.0,4.0,4.0,,,,,,,,,,,,,2015 06 01 7
2015 06 01 8,,,,,,,7.0,7.0,7.0,6.0,7.0,6.5,,,,,,,2015 06 01 8
2015 06 01 9,6.0,,6.0,5.0,,5.0,5.0,,5.0,5.0,,5.0,6.0,,6.0,5.0,,5.0,2015 06 01 9
2015 06 04 0,5.0,,5.0,5.0,,5.0,,,,,,,6.0,,6.0,5.0,,5.0,2015 06 04 0
2015 06 04 1,5.0,,5.0,3.0,,3.0,4.0,5.0,4.5,4.0,3.0,3.5,,,,,,,2015 06 04 1
2015 06 04 3,,,,,,,7.0,,7.0,3.0,,3.0,7.0,,7.0,4.0,,4.0,2015 06 04 3
2015 06 04 4,,,,,,,5.0,,5.0,5.0,,5.0,,,,,,,2015 06 04 4
2015 06 04 5,6.0,,6.0,3.0,,3.0,7.0,,7.0,1.0,,1.0,,,,,,,2015 06 04 5
2015 06 04 6,,,,,,,,,,,,,3.0,,3.0,5.0,,5.0,2015 06 04 6
2015 06 04 7,6.0,6.0,6.0,3.0,3.0,3.0,,,,,,,,,,,,,2015 06 04 7
2015 06 04 8,7.0,,7.0,2.0,,2.0,8.0,8.0,8.0,3.0,3.0,3.0,,,,,,,2015 06 04 8
2015 06 09 1,6.0,,6.0,4.0,,4.0,,,,,,,5.0,6.0,5.5,5.0,4.0,4.5,2015 06 09 1
2015 06 09 2,,,,,,,,,,,,,5.0,,5.0,5.0,,5.0,2015 06 09 2
2015 06 09 3,7.0,8.0,7.5,2.0,2.0,2.0,,,,,,,,,,,,,2015 06 09 3
2015 06 09 4,5.0,,5.0,4.0,,4.0,,,,,,,,,,,,,2015 06 09 4
2015 06 09 5,7.0,,7.0,2.0,,2.0,,,,,,,,,,,,,2015 06 09 5
2015 06 09 6,,,,,,,,,,,,,3.0,,3.0,5.0,,5.0,2015 06 09 6
2015 06 09 7,8.0,,8.0,1.0,,1.0,,,,,,,,,,,,,2015 06 09 7
2015 06 09 8,,,,,,,5.0,,5.0,5.0,,5.0,,,,,,,2015 06 09 8
2015 06 09 9,5.0,3.0,4.0,7.0,5.0,6.0,,,,,,,,,,,,,2015 06 09 9
2015 06 12 1,5.0,,5.0,5.0,,5.0,5.0,,5.0,7.0,,7.0,,,,,,,2015 06 12 1
2015 06 12 2,,,,,,,8.0,,8.0,4.0,,4.0,,,,,,,2015 06 12 2
2015 06 12 3,5.0,,5.0,5.0,,5.0,,,,,,,,,,,,,2015 06 12 3
2015 06 12 4,5.0,,5.0,4.0,,4.0,5.0,,5.0,3.0,,3.0,,,,,,,2015 06 12 4
2015 06 12 5,,,,,,,6.0,,6.0,5.0,,5.0,,,,,,,2015 06 12 5
2015 06 12 6,5.0,,5.0,5.0,,5.0,6.0,6.0,6.0,6.0,6.0,6.0,,,,,,,2015 06 12 6
2015 06 12 7,,,,,,,6.0,6.0,6.0,8.0,8.0,8.0,,,,,,,2015 06 12 7
2015 06 12 8,,,,,,,5.0,,5.0,5.0,,5.0,,,,,,,2015 06 12 8
2015 06 12 9,,,,,,,6.0,,6.0,6.0,,6.0,,,,,,,2015 06 12 9
2015 06 17 0,6.0,,6.0,4.0,,4.0,5.0,,5.0,5.0,,5.0,6.0,,6.0,4.0,,4.0,2015 06 17 0
2015 06 17 1,7.0,,7.0,3.0,,3.0,,,,,,,7.0,,7.0,4.0,,4.0,2015 06 17 1
2015 06 17 2,,,,,,,6.0,,6.0,6.0,,6.0,,,,,,,2015 06 17 2
2015 06 17 3,,,,,,,5.0,,5.0,7.0,,7.0,,,,,,,2015 06 17 3
2015 06 17 4,6.0,,6.0,5.0,,5.0,7.0,7.0,7.0,6.0,6.0,6.0,,,,,,,2015 06 17 4
2015 06 17 6,5.0,6.0,5.5,3.0,3.0,3.0,5.0,,5.0,3.0,,3.0,,,,,,,2015 06 17 6
2015 06 17 7,6.0,,6.0,2.0,,2.0,6.0,,6.0,2.0,,2.0,,,,,,,2015 06 17 7
2015 06 17 8,6.0,,6.0,3.0,,3.0,,,,,,,6.0,,6.0,2.0,,2.0,2015 06 17 8
2015 12 07 1,7.0,7.0,7.0,3.0,3.0,3.0,8.0,8.0,8.0,2.0,2.0,2.0,8.0,,8.0,3.0,,3.0,2015 12 07 1
2015 12 07 2,6.0,6.0,6.0,4.0,3.0,3.5,,,,,,,,,,,,,2015 12 07 2
2015 12 07 3,,,,,,,6.0,,6.0,4.0,,4.0,,,,,,,2015 12 07 3
2015 12 07 4,,,,,,,,,,,,,3.0,,3.0,5.0,,5.0,2015 12 07 4
2015 12 07 5,6.0,,6.0,4.0,,4.0,5.0,6.0,5.5,5.0,4.0,4.5,,,,,,,2015 12 07 5
2015 12 07 6,,,,,,,6.0,,6.0,8.0,,8.0,,,,,,,2015 12 07 6
2015 12 07 7,,,,,,,6.0,,6.0,4.0,,4.0,5.0,,5.0,4.0,,4.0,2015 12 07 7
2015 12 07 9,7.0,,7.0,7.0,,7.0,,,,,,,,,,,,,2015 12 07 9
2015 12 09 0,7.0,8.0,7.5,7.0,7.0,7.0,,,,,,,6.0,,6.0,6.0,,6.0,2015 12 09 0
2015 12 09 1,7.0,,7.0,2.0,,2.0,,,,,,,,,,,,,2015 12 09 1
2015 12 09 2,6.0,,6.0,3.0,,3.0,,,,,,,,,,,,,2015 12 09 2
2015 12 09 3,5.0,5.0,5.0,4.0,5.0,4.5,,,,,,,,,,,,,2015 12 09 3
2015 12 09 6,,,,,,,5.0,5.0,5.0,5.0,5.0,5.0,,,,,,,2015 12 09 6
2015 12 09 7,,,,,,,6.0,,6.0,9.0,,9.0,,,,,,,2015 12 09 7
2015 12 09 9,4.0,5.0,4.5,4.0,5.0,4.5,5.0,5.0,5.0,5.0,5.0,5.0,,,,,,,2015 12 09 9
2016 01 25 0,5.0,,5.0,9.0,,9.0,,,,,,,,,,,,,2016 01 25 0
2016 01 25 1,,,,,,,6.0,,6.0,7.0,,7.0,5.0,,5.0,6.0,,6.0,2016 01 25 1
2016 01 25 2,6.0,,6.0,4.0,,4.0,,,,,,,,,,,,,2016 01 25 2
2016 01 25 3,7.0,7.0,7.0,3.0,4.0,3.5,,,,,,,7.0,7.0,7.0,6.0,6.0,6.0,2016 01 25 3
2016 01 25 4,6.0,,6.0,6.0,,6.0,6.0,6.0,6.0,7.0,8.0,7.5,,,,,,,2016 01 25 4
2016 01 25 5,5.0,,5.0,4.0,,4.0,,,,,,,,,,,,,2016 01 25 5
2016 01 25 6,5.0,,5.0,5.0,,5.0,,,,,,,,,,,,,2016 01 25 6
2016 01 25 7,5.0,,5.0,5.0,,5.0,,,,,,,,,,,,,2016 01 25 7
2016 01 25 8,7.0,7.0,7.0,3.0,2.0,2.5,6.0,,6.0,2.0,,2.0,,,,,,,2016 01 25 8
2016 01 25 9,7.0,,7.0,10.0,,10.0,8.0,,8.0,9.0,,9.0,6.0,,6.0,9.0,,9.0,2016 01 25 9
2016 01 28 0,,,,,,,,,,,,,5.0,,5.0,5.0,,5.0,2016 01 28 0
2016 01 28 1,7.0,6.0,6.5,3.0,3.0,3.0,7.0,,7.0,4.0,,4.0,,,,,,,2016 01 28 1
2016 01 28 3,5.0,,5.0,6.0,,6.0,,,,,,,,,,,,,2016 01 28 3
2016 01 28 4,,,,,,,6.0,,6.0,3.0,,3.0,7.0,,7.0,5.0,,5.0,2016 01 28 4
2016 01 28 5,5.0,,5.0,4.0,,4.0,,,,,,,,,,,,,2016 01 28 5
2016 01 28 6,,,,,,,,,,,,,6.0,,6.0,5.0,,5.0,2016 01 28 6
2016 01 28 7,5.0,,5.0,6.0,,6.0,,,,,,,,,,,,,2016 01 28 7
2016 01 28 9,6.0,,6.0,3.0,,3.0,8.0,,8.0,8.0,,8.0,7.0,,7.0,5.0,,5.0,2016 01 28 9
2016 02 02 0,6.0,,6.0,6.0,,6.0,6.0,7.0,6.5,6.0,7.0,6.5,,,,,,,2016 02 02 0
2016 02 02 1,,,,,,,6.0,,6.0,5.0,,5.0,,,,,,,2016 02 02 1
2016 02 02 2,5.0,,5.0,2.0,,2.0,,,,,,,,,,,,,2016 02 02 2
2016 02 02 4,6.0,5.0,5.5,4.0,5.0,4.5,,,,,,,,,,,,,2016 02 02 4
2016 02 02 5,5.0,,5.0,5.0,,5.0,,,,,,,5.0,,5.0,5.0,,5.0,2016 02 02 5
2016 02 02 6,4.0,5.0,4.5,5.0,5.0,5.0,6.0,5.0,5.5,5.0,5.0,5.0,,,,,,,2016 02 02 6
2016 02 02 8,,,,,,,,,,,,,6.0,,6.0,7.0,,7.0,2016 02 02 8
2016 02 02 9,5.0,,5.0,5.0,,5.0,6.0,,6.0,6.0,,6.0,6.0,,6.0,5.0,,5.0,2016 02 02 9
2016 02 05 1,6.0,,6.0,3.0,,3.0,,,,,,,5.0,,5.0,4.0,,4.0,2016 02 05 1
2016 02 05 2,5.0,,5.0,4.0,,4.0,,,,,,,6.0,,6.0,5.0,,5.0,2016 02 05 2
2016 02 05 5,5.0,,5.0,4.0,,4.0,5.0,5.0,5.0,5.0,5.0,5.0,,,,,,,2016 02 05 5
2016 02 05 6,,,,,,,6.0,,6.0,7.0,,7.0,7.0,,7.0,4.0,,4.0,2016 02 05 6
2016 02 05 8,,,,,,,6.0,6.0,6.0,5.0,7.0,6.0,,,,,,,2016 02 05 8
2016 02 05 9,7.0,7.0,7.0,3.0,3.0,3.0,,,,,,,7.0,,7.0,4.0,,4.0,2016 02 05 9
2016 02 18 0,5.0,,5.0,3.0,,3.0,6.0,,6.0,4.0,,4.0,,,,,,,2016 02 18 0
2016 02 18 1,7.0,6.0,6.5,3.0,3.0,3.0,,,,,,,,,,,,,2016 02 18 1
2016 02 18 2,5.0,,5.0,6.0,,6.0,,,,,,,5.0,,5.0,5.0,,5.0,2016 02 18 2
2016 02 18 3,,,,,,,5.0,,5.0,6.0,,6.0,,,,,,,2016 02 18 3
2016 02 18 4,6.0,,6.0,3.0,,3.0,6.0,,6.0,4.0,,4.0,,,,,,,2016 02 18 4
2016 02 18 5,,,,,,,5.0,,5.0,3.0,,3.0,,,,,,,2016 02 18 5
2016 02 18 8,,,,,,,6.0,,6.0,2.0,,2.0,5.0,,5.0,5.0,,5.0,2016 02 18 8
2016 02 18 9,,,,,,,,,,,,,5.0,4.0,4.5,5.0,5.0,5.0,2016 02 18 9
2016 02 23 0,6.0,,6.0,2.0,,2.0,,,,,,,5.0,,5.0,3.0,,3.0,2016 02 23 0
2016 02 23 1,7.0,,7.0,3.0,,3.0,,,,,,,,,,,,,2016 02 23 1
2016 02 23 3,5.0,,5.0,3.0,,3.0,,,,,,,,,,,,,2016 02 23 3
2016 02 23 5,7.0,7.0,7.0,4.0,3.0,3.5,,,,,,,,,,,,,2016 02 23 5
2016 02 23 6,7.0,,7.0,4.0,,4.0,7.0,,7.0,8.0,,8.0,,,,,,,2016 02 23 6
2016 02 23 8,,,,,,,,,,,,,5.0,,5.0,4.0,,4.0,2016 02 23 8
2016 02 23 9,,,,,,,6.0,,6.0,5.0,,5.0,,,,,,,2016 02 23 9
2016 02 26 0,6.0,,6.0,4.0,,4.0,,,,,,,5.0,5.0,5.0,4.0,4.0,4.0,2016 02 26 0
2016 02 26 1,6.0,6.0,6.0,3.0,3.0,3.0,,,,,,,,,,,,,2016 02 26 1
2016 02 26 2,,,,,,,8.0,,8.0,4.0,,4.0,,,,,,,2016 02 26 2
2016 02 26 3,,,,,,,7.0,,7.0,1.0,,1.0,,,,,,,2016 02 26 3
2016 02 26 4,6.0,6.0,6.0,3.0,5.0,4.0,7.0,,7.0,8.0,,8.0,,,,,,,2016 02 26 4
2016 02 26 5,,,,,,,6.0,,6.0,6.0,,6.0,,,,,,,2016 02 26 5
2016 02 26 7,4.0,,4.0,6.0,,6.0,,,,,,,,,,,,,2016 02 26 7
2016 02 26 9,,,,,,,5.0,5.0,5.0,6.0,7.0,6.5,,,,,,,2016 02 26 9
2016 03 09 2,5.0,5.0,5.0,4.0,4.0,4.0,,,,,,,,,,,,,2016 03 09 2
2016 03 09 3,5.0,,5.0,5.0,,5.0,5.0,6.0,5.5,5.0,5.0,5.0,,,,,,,2016 03 09 3
2016 03 09 5,,,,,,,5.0,,5.0,7.0,,7.0,,,,,,,2016 03 09 5
2016 03 09 6,6.0,6.0,6.0,4.0,5.0,4.5,5.0,,5.0,4.0,,4.0,,,,,,,2016 03 09 6
2016 03 09 7,6.0,5.0,5.5,4.0,4.0,4.0,,,,,,,,,,,,,2016 03 09 7
2016 03 21 0,,,,,,,5.0,,5.0,5.0,,5.0,,,,,,,2016 03 21 0
2016 03 21 2,6.0,,6.0,4.0,,4.0,,,,,,,,,,,,,2016 03 21 2
2016 03 21 3,,,,,,,5.0,5.0,5.0,5.0,5.0,5.0,,,,,,,2016 03 21 3
2016 03 21 4,,,,,,,7.0,,7.0,3.0,,3.0,,,,,,,2016 03 21 4
2016 03 21 6,5.0,,5.0,4.0,,4.0,6.0,,6.0,7.0,,7.0,6.0,,6.0,4.0,,4.0,2016 03 21 6
2016 03 21 7,5.0,,5.0,5.0,,5.0,,,,,,,6.0,5.0,5.5,5.0,5.0,5.0,2016 03 21 7
2016 03 21 9,6.0,6.0,6.0,4.0,4.0,4.0,5.0,6.0,5.5,5.0,5.0,5.0,,,,,,,2016 03 21 9
2016 04 11 0,7.0,,7.0,3.0,,3.0,7.0,,7.0,4.0,,4.0,8.0,,8.0,3.0,,3.0,2016 04 11 0
2016 04 11 1,6.0,,6.0,4.0,,4.0,,,,,,,,,,,,,2016 04 11 1
2016 04 11 2,8.0,9.0,8.5,1.0,0.0,0.5,,,,,,,,,,,,,2016 04 11 2
2016 04 11 3,5.0,,5.0,2.0,,2.0,,,,,,,,,,,,,2016 04 11 3
2016 04 11 4,6.0,7.0,6.5,3.0,2.0,2.5,7.0,6.0,6.5,3.0,2.0,2.5,,,,,,,2016 04 11 4
2016 04 11 5,6.0,,6.0,3.0,,3.0,7.0,,7.0,5.0,,5.0,,,,,,,2016 04 11 5
2016 04 11 6,,,,,,,6.0,6.0,6.0,3.0,2.0,2.5,6.0,,6.0,4.0,,4.0,2016 04 11 6
2016 04 11 7,,,,,,,7.0,7.0,7.0,3.0,3.0,3.0,8.0,,8.0,3.0,,3.0,2016 04 11 7
2016 04 14 1,,,,,,,7.0,,7.0,3.0,,3.0,,,,,,,2016 04 14 1
2016 04 14 2,,,,,,,8.0,8.0,8.0,3.0,4.0,3.5,,,,,,,2016 04 14 2
2016 04 14 3,6.0,,6.0,3.0,,3.0,7.0,7.0,7.0,3.0,2.0,2.5,,,,,,,2016 04 14 3
2016 04 14 4,,,,,,,6.0,,6.0,2.0,,2.0,5.0,,5.0,4.0,,4.0,2016 04 14 4
2016 04 14 5,5.0,,5.0,3.0,,3.0,,,,,,,,,,,,,2016 04 14 5
2016 04 14 6,4.0,,4.0,3.0,,3.0,5.0,,5.0,5.0,,5.0,,,,,,,2016 04 14 6
2016 04 14 7,7.0,,7.0,7.0,,7.0,,,,,,,,,,,,,2016 04 14 7
2016 04 14 9,6.0,,6.0,3.0,,3.0,8.0,,8.0,3.0,,3.0,,,,,,,2016 04 14 9
2016 04 19 0,4.0,4.0,4.0,6.0,6.0,6.0,6.0,,6.0,7.0,,7.0,,,,,,,2016 04 19 0
2016 04 19 1,,,,,,,6.0,,6.0,7.0,,7.0,,,,,,,2016 04 19 1
2016 04 19 2,,,,,,,6.0,8.0,7.0,7.0,7.0,7.0,,,,,,,2016 04 19 2
2016 04 19 3,5.0,,5.0,6.0,,6.0,5.0,,5.0,5.0,,5.0,,,,,,,2016 04 19 3
2016 04 19 5,,,,,,,5.0,5.0,5.0,5.0,5.0,5.0,,,,,,,2016 04 19 5
2016 04 19 6,,,,,,,5.0,,5.0,5.0,,5.0,,,,,,,2016 04 19 6
2016 04 19 7,,,,,,,7.0,7.0,7.0,6.0,6.0,6.0,,,,,,,2016 04 19 7
2016 04 19 8,,,,,,,3.0,,3.0,6.0,,6.0,,,,,,,2016 04 19 8
2016 04 22 1,,,,,,,6.0,,6.0,7.0,,7.0,,,,,,,2016 04 22 1
2016 04 22 3,6.0,5.0,5.5,6.0,6.0,6.0,,,,,,,,,,,,,2016 04 22 3
2016 04 22 4,5.0,,5.0,5.0,,5.0,8.0,6.0,7.0,6.0,6.0,6.0,,,,,,,2016 04 22 4
2016 04 22 6,4.0,,4.0,6.0,,6.0,4.0,,4.0,5.0,,5.0,5.0,,5.0,5.0,,5.0,2016 04 22 6
2016 04 22 7,4.0,,4.0,4.0,,4.0,,,,,,,,,,,,,2016 04 22 7
2016 04 22 8,,,,,,,3.0,3.0,3.0,7.0,7.0,7.0,,,,,,,2016 04 22 8
2016 04 22 9,,,,,,,4.0,,4.0,6.0,,6.0,,,,,,,2016 04 22 9
2016 05 04 0,8.0,,8.0,6.0,,6.0,,,,,,,,,,,,,2016 05 04 0
2016 05 04 1,3.0,,3.0,5.0,,5.0,,,,,,,3.0,4.0,3.5,5.0,6.0,5.5,2016 05 04 1
2016 05 04 4,,,,,,,6.0,,6.0,5.0,,5.0,,,,,,,2016 05 04 4
2016 05 04 5,3.0,4.0,3.5,6.0,6.0,6.0,,,,,,,,,,,,,2016 05 04 5
2016 05 04 6,4.0,4.0,4.0,5.0,5.0,5.0,,,,,,,,,,,,,2016 05 04 6
2016 05 04 7,3.0,3.0,3.0,7.0,6.0,6.5,3.0,,3.0,7.0,,7.0,4.0,,4.0,7.0,,7.0,2016 05 04 7
2016 05 04 8,1.0,2.0,1.5,7.0,7.0,7.0,2.0,,2.0,6.0,,6.0,4.0,,4.0,5.0,,5.0,2016 05 04 8
2016 05 04 9,4.0,,4.0,6.0,,6.0,,,,,,,,,,,,,2016 05 04 9
2016 05 09 0,8.0,5.0,6.5,6.0,5.0,5.5,,,,,,,5.0,,5.0,4.0,,4.0,2016 05 09 0
2016 05 09 1,2.0,3.0,2.5,7.0,6.0,6.5,3.0,,3.0,7.0,,7.0,4.0,,4.0,6.0,,6.0,2016 05 09 1
2016 05 09 2,3.0,4.0,3.5,6.0,6.0,6.0,,,,,,,,,,,,,2016 05 09 2
2016 05 09 3,3.0,,3.0,6.0,,6.0,,,,,,,,,,,,,2016 05 09 3
2016 05 09 4,6.0,6.0,6.0,2.0,4.0,3.0,7.0,7.0,7.0,5.0,6.0,5.5,,,,,,,2016 05 09 4
2016 05 09 6,7.0,,7.0,5.0,,5.0,,,,,,,6.0,,6.0,4.0,,4.0,2016 05 09 6
2016 05 09 7,4.0,5.0,4.5,6.0,6.0,6.0,5.0,6.0,5.5,6.0,6.0,6.0,5.0,,5.0,5.0,,5.0,2016 05 09 7
2016 05 09 8,5.0,,5.0,5.0,,5.0,,,,,,,,,,,,,2016 05 09 8
2016 05 09 9,,,,,,,7.0,,7.0,5.0,,5.0,,,,,,,2016 05 09 9
2016 05 12 0,4.0,,4.0,6.0,,6.0,,,,,,,4.0,,4.0,5.0,,5.0,2016 05 12 0
2016 05 12 3,,,,,,,9.0,,9.0,6.0,,6.0,7.0,,7.0,7.0,,7.0,2016 05 12 3
2016 05 12 4,4.0,,4.0,6.0,,6.0,,,,,,,6.0,6.0,6.0,6.0,6.0,6.0,2016 05 12 4
2016 05 12 6,3.0,,3.0,7.0,,7.0,,,,,,,,,,,,,2016 05 12 6
2016 05 12 7,2.0,,2.0,8.0,,8.0,,,,,,,6.0,,6.0,6.0,,6.0,2016 05 12 7
2016 05 12 8,5.0,,5.0,6.0,,6.0,,,,,,,5.0,6.0,5.5,6.0,5.0,5.5,2016 05 12 8
2016 05 12 9,5.0,6.0,5.5,5.0,5.0,5.0,,,,,,,,,,,,,2016 05 12 9
2016 05 17 2,,,,,,,8.0,,8.0,7.0,,7.0,,,,,,,2016 05 17 2
2016 05 17 5,4.0,4.0,4.0,7.0,6.0,6.5,,,,,,,6.0,5.0,5.5,6.0,5.0,5.5,2016 05 17 5
2016 05 17 6,,,,,,,5.0,6.0,5.5,5.0,6.0,5.5,6.0,,6.0,6.0,,6.0,2016 05 17 6
2016 05 17 8,3.0,,3.0,6.0,,6.0,,,,,,,,,,,,,2016 05 17 8
2016 05 17 9,1.0,,1.0,8.0,,8.0,4.0,,4.0,8.0,,8.0,,,,,,,2016 05 17 9
2016 05 20 1,4.0,,4.0,6.0,,6.0,,,,,,,,,,,,,2016 05 20 1
2016 05 20 3,4.0,,4.0,5.0,,5.0,5.0,,5.0,5.0,,5.0,6.0,,6.0,3.0,,3.0,2016 05 20 3
2016 05 20 4,,,,,,,6.0,7.0,6.5,6.0,7.0,6.5,,,,,,,2016 05 20 4
2016 05 20 5,3.0,4.0,3.5,5.0,5.0,5.0,,,,,,,,,,,,,2016 05 20 5
2016 05 20 6,3.0,4.0,3.5,5.0,6.0,5.5,4.0,,4.0,6.0,,6.0,,,,,,,2016 05 20 6
2016 05 20 8,4.0,,4.0,4.0,,4.0,,,,,,,,,,,,,2016 05 20 8
2016 05 20 9,,,,,,,5.0,,5.0,7.0,,7.0,,,,,,,2016 05 20 9
2016 06 02 0,2.0,3.0,2.5,6.0,7.0,6.5,3.0,,3.0,7.0,,7.0,,,,,,,2016 06 02 0
2016 06 02 1,5.0,,5.0,6.0,,6.0,5.0,5.0,5.0,6.0,6.0,6.0,5.0,,5.0,6.0,,6.0,2016 06 02 1
2016 06 02 2,5.0,,5.0,5.0,,5.0,6.0,,6.0,5.0,,5.0,,,,,,,2016 06 02 2
2016 06 02 3,,,,,,,5.0,,5.0,5.0,,5.0,,,,,,,2016 06 02 3
2016 06 02 5,5.0,4.0,4.5,6.0,6.0,6.0,,,,,,,,,,,,,2016 06 02 5
2016 06 02 6,,,,,,,4.0,,4.0,5.0,,5.0,,,,,,,2016 06 02 6
2016 06 02 7,,,,,,,5.0,,5.0,5.0,,5.0,,,,,,,2016 06 02 7
2016 06 02 8,4.0,4.0,4.0,6.0,5.0,5.5,,,,,,,,,,,,,2016 06 02 8
2016 06 02 9,,,,,,,6.0,,6.0,6.0,,6.0,,,,,,,2016 06 02 9
2016 06 07 0,4.0,,4.0,6.0,,6.0,5.0,,5.0,6.0,,6.0,,,,,,,2016 06 07 0
2016 06 07 1,6.0,6.0,6.0,4.0,5.0,4.5,,,,,,,,,,,,,2016 06 07 1
2016 06 07 3,2.0,,2.0,7.0,,7.0,7.0,7.0,7.0,8.0,8.0,8.0,,,,,,,2016 06 07 3
2016 06 07 4,,,,,,,5.0,,5.0,6.0,,6.0,,,,,,,2016 06 07 4
2016 06 07 5,3.0,,3.0,4.0,,4.0,,,,,,,,,,,,,2016 06 07 5
2016 06 07 6,5.0,,5.0,5.0,,5.0,6.0,,6.0,6.0,,6.0,,,,,,,2016 06 07 6
2016 06 07 7,4.0,,4.0,6.0,,6.0,6.0,,6.0,6.0,,6.0,,,,,,,2016 06 07 7
2016 06 07 8,,,,,,,6.0,,6.0,6.0,,6.0,,,,,,,2016 06 07 8
2016 06 07 9,,,,,,,6.0,,6.0,6.0,,6.0,,,,,,,2016 06 07 9
2016 06 10 0,,,,,,,,,,,,,5.0,,5.0,5.0,,5.0,2016 06 10 0
2016 06 10 1,,,,,,,,,,,,,4.0,,4.0,3.0,,3.0,2016 06 10 1
2016 06 10 2,,,,,,,6.0,,6.0,6.0,,6.0,,,,,,,2016 06 10 2
2016 06 10 3,3.0,,3.0,4.0,,4.0,,,,,,,,,,,,,2016 06 10 3
2016 06 10 4,,,,,,,6.0,,6.0,5.0,,5.0,,,,,,,2016 06 10 4
2016 06 10 5,,,,,,,5.0,,5.0,5.0,,5.0,,,,,,,2016 06 10 5
2016 06 10 6,3.0,,3.0,4.0,,4.0,3.0,,3.0,6.0,,6.0,,,,,,,2016 06 10 6
2016 06 10 7,,,,,,,5.0,5.0,5.0,6.0,6.0,6.0,,,,,,,2016 06 10 7
2016 06 10 8,,,,,,,5.0,,5.0,5.0,,5.0,,,,,,,2016 06 10 8
2016 06 10 9,5.0,,5.0,0.0,,0.0,,,,,,,,,,,,,2016 06 10 9
2016 06 15 0,4.0,3.0,3.5,7.0,6.0,6.5,5.0,,5.0,6.0,,6.0,,,,,,,2016 06 15 0
2016 06 15 1,3.0,,3.0,6.0,,6.0,5.0,4.0,4.5,6.0,6.0,6.0,,,,,,,2016 06 15 1
2016 06 15 2,,,,,,,3.0,,3.0,6.0,,6.0,,,,,,,2016 06 15 2
2016 06 15 3,3.0,4.0,3.5,6.0,6.0,6.0,,,,,,,,,,,,,2016 06 15 3
2016 06 15 4,,,,,,,,,,,,,5.0,,5.0,5.0,,5.0,2016 06 15 4
2016 06 15 5,2.0,,2.0,7.0,,7.0,1.0,,1.0,7.0,,7.0,,,,,,,2016 06 15 5
2016 06 15 6,5.0,,5.0,5.0,,5.0,,,,,,,,,,,,,2016 06 15 6
2016 06 15 7,,,,,,,6.0,,6.0,5.0,,5.0,,,,,,,2016 06 15 7
2016 06 15 8,,,,,,,5.0,,5.0,5.0,,5.0,,,,,,,2016 06 15 8
2016 09 19 0,3.0,,3.0,5.0,,5.0,,,,,,,4.0,,4.0,5.0,,5.0,2016 09 19 0
2016 09 19 1,3.0,,3.0,7.0,,7.0,,,,,,,,,,,,,2016 09 19 1
2016 09 19 2,,,,,,,6.0,,6.0,6.0,,6.0,,,,,,,2016 09 19 2
2016 09 19 3,5.0,,5.0,5.0,,5.0,7.0,,7.0,7.0,,7.0,,,,,,,2016 09 19 3
2016 09 19 4,3.0,,3.0,6.0,,6.0,,,,,,,,,,,,,2016 09 19 4
2016 09 19 5,,,,,,,4.0,,4.0,8.0,,8.0,6.0,5.0,5.5,7.0,7.0,7.0,2016 09 19 5
2016 09 19 6,,,,,,,,,,,,,5.0,,5.0,5.0,,5.0,2016 09 19 6
2016 09 19 7,4.0,4.0,4.0,6.0,6.0,6.0,,,,,,,6.0,,6.0,5.0,,5.0,2016 09 19 7
2016 09 19 8,5.0,,5.0,6.0,,6.0,,,,,,,5.0,,5.0,4.0,,4.0,2016 09 19 8
2016 09 23 0,3.0,,3.0,7.0,,7.0,3.0,4.0,3.5,7.0,6.0,6.5,,,,,,,2016 09 23 0
2016 09 23 1,4.0,,4.0,6.0,,6.0,,,,,,,,,,,,,2016 09 23 1
2016 09 23 2,,,,,,,,,,,,,6.0,,6.0,5.0,,5.0,2016 09 23 2
2016 09 23 3,,,,,,,4.0,,4.0,7.0,,7.0,,,,,,,2016 09 23 3
2016 09 23 5,4.0,,4.0,6.0,,6.0,4.0,,4.0,5.0,,5.0,,,,,,,2016 09 23 5
2016 09 23 6,4.0,3.0,3.5,5.0,5.0,5.0,,,,,,,,,,,,,2016 09 23 6
2016 09 23 7,,,,,,,2.0,,2.0,5.0,,5.0,,,,,,,2016 09 23 7
2016 09 23 8,,,,,,,,,,,,,5.0,,5.0,4.0,,4.0,2016 09 23 8
2016 09 23 9,5.0,,5.0,5.0,,5.0,,,,,,,5.0,,5.0,5.0,,5.0,2016 09 23 9
2016 09 28 0,4.0,,4.0,6.0,,6.0,,,,,,,5.0,,5.0,5.0,,5.0,2016 09 28 0
2016 09 28 1,5.0,,5.0,6.0,,6.0,8.0,,8.0,7.0,,7.0,,,,,,,2016 09 28 1
2016 09 28 2,3.0,,3.0,6.0,,6.0,,,,,,,,,,,,,2016 09 28 2
2016 09 28 3,,,,,,,,,,,,,7.0,,7.0,7.0,,7.0,2016 09 28 3
2016 09 28 4,,,,,,,3.0,,3.0,6.0,,6.0,,,,,,,2016 09 28 4
2016 09 28 6,,,,,,,2.0,,2.0,7.0,,7.0,,,,,,,2016 09 28 6
2016 09 28 7,3.0,4.0,3.5,6.0,6.0,6.0,3.0,3.0,3.0,6.0,6.0,6.0,,,,,,,2016 09 28 7
2016 09 28 8,5.0,,5.0,6.0,,6.0,5.0,6.0,5.5,5.0,6.0,5.5,,,,,,,2016 09 28 8
2016 09 28 9,6.0,,6.0,6.0,,6.0,,,,,,,,,,,,,2016 09 28 9
2016 10 03 0,,,,,,,7.0,,7.0,5.0,,5.0,5.0,,5.0,5.0,,5.0,2016 10 03 0
2016 10 03 1,6.0,,6.0,6.0,,6.0,,,,,,,,,,,,,2016 10 03 1
2016 10 03 2,3.0,,3.0,6.0,,6.0,,,,,,,,,,,,,2016 10 03 2
2016 10 03 3,,,,,,,6.0,7.0,6.5,7.0,8.0,7.5,,,,,,,2016 10 03 3
2016 10 03 5,3.0,3.0,3.0,5.0,6.0,5.5,,,,,,,3.0,,3.0,6.0,,6.0,2016 10 03 5
2016 10 03 6,5.0,4.0,4.5,6.0,6.0,6.0,6.0,,6.0,6.0,,6.0,5.0,,5.0,5.0,,5.0,2016 10 03 6
2016 10 03 8,,,,,,,,,,,,,6.0,,6.0,5.0,,5.0,2016 10 03 8
2016 10 03 9,4.0,,4.0,6.0,,6.0,,,,,,,,,,,,,2016 10 03 9
2016 10 06 0,,,,,,,,,,,,,6.0,,6.0,3.0,,3.0,2016 10 06 0
2016 10 06 1,4.0,4.0,4.0,4.0,6.0,5.0,,,,,,,,,,,,,2016 10 06 1
2016 10 06 2,5.0,,5.0,6.0,,6.0,8.0,8.0,8.0,6.0,6.0,6.0,,,,,,,2016 10 06 2
2016 10 06 3,,,,,,,3.0,,3.0,5.0,,5.0,5.0,,5.0,3.0,,3.0,2016 10 06 3
2016 10 06 5,4.0,3.0,3.5,6.0,5.0,5.5,3.0,,3.0,6.0,,6.0,,,,,,,2016 10 06 5
2016 10 06 6,,,,,,,,,,,,,5.0,,5.0,5.0,,5.0,2016 10 06 6
2016 10 06 7,,,,,,,5.0,5.0,5.0,5.0,5.0,5.0,,,,,,,2016 10 06 7
2016 10 06 9,,,,,,,4.0,,4.0,5.0,,5.0,,,,,,,2016 10 06 9
2016 10 18 0,4.0,,4.0,7.0,,7.0,3.0,,3.0,7.0,,7.0,,,,,,,2016 10 18 0
2016 10 18 1,5.0,,5.0,7.0,,7.0,,,,,,,,,,,,,2016 10 18 1
2016 10 18 5,2.0,,2.0,7.0,,7.0,,,,,,,,,,,,,2016 10 18 5
2016 10 18 6,3.0,3.0,3.0,3.0,5.0,4.0,,,,,,,,,,,,,2016 10 18 6
2016 10 18 7,3.0,,3.0,4.0,,4.0,,,,,,,,,,,,,2016 10 18 7
2016 10 18 8,,,,,,,7.0,,7.0,6.0,,6.0,,,,,,,2016 10 18 8
2016 10 18 9,,,,,,,,,,,,,5.0,,5.0,5.0,,5.0,2016 10 18 9
2016 10 21 0,5.0,,5.0,4.0,,4.0,,,,,,,,,,,,,2016 10 21 0
2016 10 21 2,6.0,,6.0,4.0,,4.0,,,,,,,,,,,,,2016 10 21 2
2016 10 21 3,5.0,,5.0,5.0,,5.0,,,,,,,4.0,,4.0,6.0,,6.0,2016 10 21 3
2016 10 21 4,,,,,,,5.0,,5.0,6.0,,6.0,,,,,,,2016 10 21 4
2016 10 21 5,,,,,,,5.0,,5.0,5.0,,5.0,,,,,,,2016 10 21 5
2016 10 21 6,6.0,,6.0,3.0,,3.0,7.0,,7.0,5.0,,5.0,,,,,,,2016 10 21 6
2016 10 21 7,,,,,,,8.0,,8.0,2.0,,2.0,,,,,,,2016 10 21 7
2016 10 21 8,5.0,,5.0,5.0,,5.0,5.0,,5.0,6.0,,6.0,,,,,,,2016 10 21 8
2016 10 21 9,5.0,,5.0,5.0,,5.0,7.0,5.0,6.0,7.0,6.0,6.5,,,,,,,2016 10 21 9
2016 10 26 0,6.0,,6.0,3.0,,3.0,5.0,,5.0,3.0,,3.0,,,,,,,2016 10 26 0
2016 10 26 1,7.0,6.0,6.5,3.0,4.0,3.5,,,,,,,,,,,,,2016 10 26 1
2016 10 26 2,6.0,,6.0,4.0,,4.0,6.0,,6.0,4.0,,4.0,,,,,,,2016 10 26 2
2016 10 26 3,,,,,,,6.0,,6.0,2.0,,2.0,,,,,,,2016 10 26 3
2016 10 26 4,4.0,,4.0,5.0,,5.0,,,,,,,,,,,,,2016 10 26 4
2016 10 26 5,,,,,,,6.0,,6.0,6.0,,6.0,,,,,,,2016 10 26 5
2016 10 26 6,,,,,,,,,,,,,6.0,,6.0,3.0,,3.0,2016 10 26 6
2016 10 26 7,5.0,,5.0,4.0,,4.0,,,,,,,,,,,,,2016 10 26 7
2016 10 26 8,,,,,,,5.0,,5.0,5.0,,5.0,,,,,,,2016 10 26 8
2016 10 26 9,,,,,,,6.0,6.0,6.0,8.0,9.0,8.5,,,,,,,2016 10 26 9
2016 10 31 1,6.0,,6.0,6.0,,6.0,6.0,,6.0,8.0,,8.0,,,,,,,2016 10 31 1
2016 10 31 2,6.0,,6.0,7.0,,7.0,6.0,,6.0,8.0,,8.0,,,,,,,2016 10 31 2
2016 10 31 3,6.0,,6.0,6.0,,6.0,,,,,,,,,,,,,2016 10 31 3
2016 10 31 4,6.0,,6.0,4.0,,4.0,6.0,,6.0,3.0,,3.0,,,,,,,2016 10 31 4
2016 10 31 5,6.0,,6.0,3.0,,3.0,,,,,,,5.0,,5.0,5.0,,5.0,2016 10 31 5
2016 10 31 6,,,,,,,7.0,,7.0,4.0,,4.0,,,,,,,2016 10 31 6
2016 10 31 7,,,,,,,,,,,,,6.0,,6.0,4.0,,4.0,2016 10 31 7
2016 10 31 8,5.0,,5.0,4.0,,4.0,,,,,,,,,,,,,2016 10 31 8
2016 10 31 9,5.0,,5.0,3.0,,3.0,5.0,,5.0,2.0,,2.0,,,,,,,2016 10 31 9
2016 11 04 0,6.0,,6.0,4.0,,4.0,,,,,,,6.0,,6.0,3.0,,3.0,2016 11 04 0
2016 11 04 1,6.0,,6.0,3.0,,3.0,,,,,,,5.0,,5.0,3.0,,3.0,2016 11 04 1
2016 11 04 2,6.0,,6.0,5.0,,5.0,5.0,,5.0,6.0,,6.0,,,,,,,2016 11 04 2
2016 11 04 3,,,,,,,7.0,,7.0,3.0,,3.0,,,,,,,2016 11 04 3
2016 11 04 4,,,,,,,5.0,,5.0,5.0,,5.0,,,,,,,2016 11 04 4
2016 11 04 5,5.0,,5.0,4.0,,4.0,,,,,,,5.0,,5.0,5.0,,5.0,2016 11 04 5
2016 11 04 6,6.0,,6.0,4.0,,4.0,6.0,,6.0,3.0,,3.0,,,,,,,2016 11 04 6
2016 11 04 7,,,,,,,,,,,,,6.0,,6.0,4.0,,4.0,2016 11 04 7
2016 11 04 8,,,,,,,5.0,,5.0,7.0,,7.0,,,,,,,2016 11 04 8
2016 11 04 9,7.0,,7.0,3.0,,3.0,7.0,,7.0,7.0,,7.0,,,,,,,2016 11 04 9
2016 11 16 0,5.0,,5.0,4.0,,4.0,,,,,,,5.0,,5.0,4.0,,4.0,2016 11 16 0
2016 11 16 2,5.0,,5.0,5.0,,5.0,5.0,,5.0,6.0,,6.0,,,,,,,2016 11 16 2
2016 11 16 3,7.0,,7.0,3.0,,3.0,6.0,,6.0,2.0,,2.0,,,,,,,2016 11 16 3
2016 11 16 4,,,,,,,7.0,,7.0,3.0,,3.0,,,,,,,2016 11 16 4
2016 11 16 5,5.0,,5.0,4.0,,4.0,6.0,,6.0,5.0,,5.0,,,,,,,2016 11 16 5
2016 11 16 6,,,,,,,7.0,,7.0,5.0,,5.0,,,,,,,2016 11 16 6
2016 11 16 7,,,,,,,7.0,7.0,7.0,4.0,3.0,3.5,,,,,,,2016 11 16 7
2016 11 16 9,5.0,,5.0,4.0,,4.0,,,,,,,,,,,,,2016 11 16 9
2016 11 21 0,,,,,,,6.0,,6.0,3.0,,3.0,,,,,,,2016 11 21 0
2016 11 21 1,6.0,,6.0,4.0,,4.0,,,,,,,,,,,,,2016 11 21 1
2016 11 21 2,6.0,6.0,6.0,5.0,4.0,4.5,,,,,,,,,,,,,2016 11 21 2
2016 11 21 3,7.0,,7.0,3.0,,3.0,6.0,,6.0,2.0,,2.0,,,,,,,2016 11 21 3
2016 11 21 4,5.0,,5.0,3.0,,3.0,5.0,,5.0,6.0,,6.0,,,,,,,2016 11 21 4
2016 11 21 5,7.0,,7.0,3.0,,3.0,7.0,,7.0,2.0,,2.0,,,,,,,2016 11 21 5
2016 11 21 6,6.0,,6.0,5.0,,5.0,6.0,,6.0,5.0,,5.0,,,,,,,2016 11 21 6
2016 11 21 7,6.0,,6.0,4.0,,4.0,7.0,,7.0,4.0,,4.0,,,,,,,2016 11 21 7
2016 11 21 8,6.0,,6.0,3.0,,3.0,,,,,,,5.0,,5.0,5.0,,5.0,2016 11 21 8
2016 11 21 9,5.0,,5.0,4.0,,4.0,,,,,,,,,,,,,2016 11 21 9
2016 11 24 0,6.0,,6.0,4.0,,4.0,,,,,,,,,,,,,2016 11 24 0
2016 11 24 1,,,,,,,8.0,,8.0,3.0,,3.0,,,,,,,2016 11 24 1
2016 11 24 2,,,,,,,6.0,6.0,6.0,3.0,3.0,3.0,,,,,,,2016 11 24 2
2016 11 24 3,6.0,,6.0,3.0,,3.0,,,,,,,6.0,,6.0,3.0,,3.0,2016 11 24 3
2016 11 24 4,,,,,,,7.0,,7.0,3.0,,3.0,,,,,,,2016 11 24 4
2016 11 24 5,9.0,,9.0,2.0,,2.0,8.0,,8.0,2.0,,2.0,,,,,,,2016 11 24 5
2016 11 24 6,6.0,,6.0,4.0,,4.0,8.0,,8.0,2.0,,2.0,,,,,,,2016 11 24 6
2016 11 24 7,5.0,,5.0,5.0,,5.0,5.0,,5.0,6.0,,6.0,,,,,,,2016 11 24 7
2016 11 24 8,,,,,,,6.0,6.0,6.0,5.0,5.0,5.0,,,,,,,2016 11 24 8
2016 11 24 9,6.0,,6.0,4.0,,4.0,,,,,,,,,,,,,2016 11 24 9
2016 11 29 0,,,,,,,6.0,,6.0,4.0,,4.0,,,,,,,2016 11 29 0
2016 11 29 1,6.0,,6.0,2.0,,2.0,,,,,,,6.0,,6.0,4.0,,4.0,2016 11 29 1
2016 11 29 3,5.0,,5.0,4.0,,4.0,,,,,,,5.0,,5.0,4.0,,4.0,2016 11 29 3
2016 11 29 4,,,,,,,7.0,,7.0,6.0,,6.0,,,,,,,2016 11 29 4
2016 11 29 5,7.0,,7.0,2.0,,2.0,8.0,,8.0,6.0,,6.0,,,,,,,2016 11 29 5
2016 11 29 6,5.0,,5.0,3.0,,3.0,,,,,,,,,,,,,2016 11 29 6
2016 11 29 7,,,,,,,8.0,,8.0,3.0,,3.0,,,,,,,2016 11 29 7
2016 11 29 8,5.0,,5.0,4.0,,4.0,7.0,,7.0,5.0,,5.0,,,,,,,2016 11 29 8
2016 12 02 0,6.0,6.0,6.0,3.0,3.0,3.0,,,,,,,,,,,,,2016 12 02 0
2016 12 02 2,6.0,,6.0,3.0,,3.0,,,,,,,5.0,,5.0,3.0,,3.0,2016 12 02 2
2016 12 02 3,,,,,,,9.0,,9.0,2.0,,2.0,,,,,,,2016 12 02 3
2016 12 02 6,7.0,,7.0,9.0,,9.0,7.0,,7.0,9.0,,9.0,,,,,,,2016 12 02 6
2016 12 02 7,5.0,,5.0,3.0,,3.0,6.0,,6.0,3.0,,3.0,,,,,,,2016 12 02 7
2016 12 02 8,6.0,,6.0,4.0,,4.0,,,,,,,6.0,,6.0,5.0,,5.0,2016 12 02 8
2016 12 02 9,5.0,,5.0,6.0,,6.0,5.0,,5.0,6.0,,6.0,,,,,,,2016 12 02 9
2016 12 07 0,6.0,,6.0,4.0,,4.0,7.0,,7.0,3.0,,3.0,,,,,,,2016 12 07 0
2016 12 07 1,,,,,,,6.0,,6.0,5.0,,5.0,,,,,,,2016 12 07 1
2016 12 07 2,,,,,,,7.0,,7.0,5.0,,5.0,,,,,,,2016 12 07 2
2016 12 07 3,6.0,,6.0,3.0,,3.0,,,,,,,,,,,,,2016 12 07 3
2016 12 07 4,8.0,,8.0,2.0,,2.0,,,,,,,7.0,,7.0,3.0,,3.0,2016 12 07 4
2016 12 07 5,6.0,,6.0,4.0,,4.0,,,,,,,8.0,,8.0,8.0,,8.0,2016 12 07 5
2016 12 07 6,7.0,7.0,7.0,2.0,3.0,2.5,,,,,,,,,,,,,2016 12 07 6
2016 12 07 8,7.0,,7.0,4.0,,4.0,6.0,,6.0,5.0,,5.0,,,,,,,2016 12 07 8
2016 12 07 9,6.0,,6.0,2.0,,2.0,6.0,,6.0,3.0,,3.0,,,,,,,2016 12 07 9
2016 12 12 0,6.0,,6.0,4.0,,4.0,,,,,,,6.0,,6.0,5.0,,5.0,2016 12 12 0
2016 12 12 1,7.0,,7.0,3.0,,3.0,8.0,,8.0,3.0,,3.0,,,,,,,2016 12 12 1
2016 12 12 2,7.0,,7.0,3.0,,3.0,,,,,,,7.0,,7.0,4.0,,4.0,2016 12 12 2
2016 12 12 3,6.0,,6.0,4.0,,4.0,,,,,,,7.0,,7.0,5.0,,5.0,2016 12 12 3
2016 12 12 4,,,,,,,,,,,,,6.0,,6.0,4.0,,4.0,2016 12 12 4
2016 12 12 5,,,,,,,5.0,,5.0,5.0,,5.0,,,,,,,2016 12 12 5
2016 12 12 6,7.0,,7.0,2.0,,2.0,,,,,,,7.0,,7.0,3.0,,3.0,2016 12 12 6
2016 12 12 7,,,,,,,6.0,,6.0,5.0,,5.0,,,,,,,2016 12 12 7
2016 12 12 8,6.0,,6.0,5.0,,5.0,,,,,,,,,,,,,2016 12 12 8
2016 12 12 9,6.0,,6.0,3.0,,3.0,,,,,,,5.0,,5.0,3.0,,3.0,2016 12 12 9
2017 01 30 0,5.0,,5.0,7.0,,7.0,7.0,,7.0,8.0,,8.0,,,,,,,2017 01 30 0
2017 01 30 1,5.0,,5.0,4.0,,4.0,5.0,,5.0,5.0,,5.0,,,,,,,2017 01 30 1
2017 01 30 2,6.0,,6.0,3.0,,3.0,,,,,,,6.0,,6.0,4.0,,4.0,2017 01 30 2
2017 01 30 4,,,,,,,6.0,,6.0,1.0,,1.0,,,,,,,2017 01 30 4
2017 01 30 5,6.0,,6.0,3.0,,3.0,5.0,,5.0,1.0,,1.0,,,,,,,2017 01 30 5
2017 01 30 6,6.0,6.0,6.0,4.0,5.0,4.5,,,,,,,,,,,,,2017 01 30 6
2017 01 30 7,4.0,,4.0,3.0,,3.0,,,,,,,,,,,,,2017 01 30 7
2017 01 30 8,7.0,,7.0,5.0,,5.0,6.0,,6.0,9.0,,9.0,,,,,,,2017 01 30 8
2017 01 30 9,,,,,,,5.0,5.0,5.0,4.0,2.0,3.0,,,,,,,2017 01 30 9
2017 02 02 0,,,,,,,,,,,,,5.0,,5.0,8.0,,8.0,2017 02 02 0
2017 02 02 1,,,,,,,6.0,,6.0,8.0,,8.0,,,,,,,2017 02 02 1
2017 02 02 2,8.0,,8.0,3.0,,3.0,8.0,,8.0,5.0,,5.0,,,,,,,2017 02 02 2
2017 02 02 3,5.0,,5.0,10.0,,10.0,5.0,,5.0,7.0,,7.0,,,,,,,2017 02 02 3
2017 02 02 4,6.0,,6.0,4.0,,4.0,7.0,,7.0,3.0,,3.0,,,,,,,2017 02 02 4
2017 02 02 5,,,,,,,,,,,,,4.0,5.0,4.5,3.0,6.0,4.5,2017 02 02 5
2017 02 02 6,6.0,,6.0,3.0,,3.0,,,,,,,7.0,,7.0,3.0,,3.0,2017 02 02 6
2017 02 02 7,6.0,5.0,5.5,4.0,4.0,4.0,,,,,,,,,,,,,2017 02 02 7
2017 02 02 8,5.0,,5.0,6.0,,6.0,5.0,,5.0,4.0,,4.0,,,,,,,2017 02 02 8
2017 02 02 9,6.0,,6.0,8.0,,8.0,5.0,,5.0,6.0,,6.0,,,,,,,2017 02 02 9
2017 02 07 0,5.0,,5.0,4.0,,4.0,5.0,,5.0,5.0,,5.0,,,,,,,2017 02 07 0
2017 02 07 1,6.0,,6.0,4.0,,4.0,,,,,,,,,,,,,2017 02 07 1
2017 02 07 2,5.0,,5.0,2.0,,2.0,7.0,,7.0,1.0,,1.0,,,,,,,2017 02 07 2
2017 02 07 3,7.0,,7.0,0.0,,0.0,7.0,,7.0,3.0,,3.0,,,,,,,2017 02 07 3
2017 02 07 4,6.0,,6.0,4.0,,4.0,,,,,,,,,,,,,2017 02 07 4
2017 02 07 5,7.0,,7.0,3.0,,3.0,,,,,,,6.0,,6.0,5.0,,5.0,2017 02 07 5
2017 02 07 7,6.0,,6.0,7.0,,7.0,6.0,,6.0,6.0,,6.0,,,,,,,2017 02 07 7
2017 02 07 8,,,,,,,6.0,,6.0,5.0,,5.0,,,,,,,2017 02 07 8
2017 02 07 9,,,,,,,5.0,,5.0,6.0,,6.0,,,,,,,2017 02 07 9
2017 02 10 0,4.0,,4.0,7.0,,7.0,,,,,,,,,,,,,2017 02 10 0
2017 02 10 1,9.0,,9.0,1.0,,1.0,,,,,,,,,,,,,2017 02 10 1
2017 02 10 2,7.0,,7.0,2.0,,2.0,,,,,,,,,,,,,2017 02 10 2
2017 02 10 3,6.0,,6.0,4.0,,4.0,,,,,,,6.0,,6.0,6.0,,6.0,2017 02 10 3
2017 02 10 4,5.0,,5.0,4.0,,4.0,5.0,,5.0,6.0,,6.0,,,,,,,2017 02 10 4
2017 02 10 5,5.0,,5.0,5.0,,5.0,,,,,,,,,,,,,2017 02 10 5
2017 02 10 6,7.0,,7.0,3.0,,3.0,,,,,,,,,,,,,2017 02 10 6
2017 02 10 7,,,,,,,,,,,,,6.0,7.0,6.5,6.0,4.0,5.0,2017 02 10 7
2017 02 10 8,5.0,,5.0,5.0,,5.0,,,,,,,5.0,,5.0,5.0,,5.0,2017 02 10 8
2017 02 10 9,4.0,,4.0,5.0,,5.0,5.0,,5.0,6.0,,6.0,,,,,,,2017 02 10 9
2017 02 15 0,,,,,,,5.0,,5.0,4.0,,4.0,,,,,,,2017 02 15 0
2017 02 15 1,5.0,,5.0,7.0,,7.0,5.0,,5.0,7.0,,7.0,,,,,,,2017 02 15 1
2017 02 15 2,6.0,,6.0,3.0,,3.0,6.0,,6.0,1.0,,1.0,,,,,,,2017 02 15 2
2017 02 15 3,7.0,,7.0,2.0,,2.0,,,,,,,6.0,,6.0,3.0,,3.0,2017 02 15 3
2017 02 15 4,,,,,,,6.0,,6.0,5.0,,5.0,6.0,,6.0,6.0,,6.0,2017 02 15 4
2017 02 15 5,,,,,,,5.0,,5.0,5.0,,5.0,,,,,,,2017 02 15 5
2017 02 15 6,,,,,,,7.0,,7.0,3.0,,3.0,,,,,,,2017 02 15 6
2017 02 15 7,6.0,,6.0,3.0,,3.0,6.0,,6.0,4.0,,4.0,,,,,,,2017 02 15 7
2017 02 15 8,,,,,,,5.0,,5.0,5.0,,5.0,,,,,,,2017 02 15 8
2017 02 15 9,6.0,,6.0,5.0,,5.0,5.0,,5.0,6.0,,6.0,,,,,,,2017 02 15 9
2017 02 21 0,,,,,,,,,,,,,6.0,,6.0,5.0,,5.0,2017 02 21 0
2017 02 21 1,7.0,,7.0,1.0,,1.0,8.0,,8.0,2.0,,2.0,,,,,,,2017 02 21 1
2017 02 21 2,6.0,,6.0,7.0,,7.0,6.0,,6.0,7.0,,7.0,,,,,,,2017 02 21 2
2017 02 21 3,5.0,,5.0,5.0,,5.0,5.0,,5.0,8.0,,8.0,,,,,,,2017 02 21 3
2017 02 21 4,5.0,,5.0,4.0,,4.0,6.0,,6.0,3.0,,3.0,,,,,,,2017 02 21 4
2017 02 21 5,,,,,,,7.0,,7.0,4.0,,4.0,,,,,,,2017 02 21 5
2017 02 21 6,5.0,,5.0,6.0,,6.0,,,,,,,5.0,,5.0,5.0,,5.0,2017 02 21 6
2017 02 21 7,7.0,,7.0,4.0,,4.0,8.0,,8.0,6.0,,6.0,,,,,,,2017 02 21 7
2017 02 21 8,6.0,,6.0,3.0,,3.0,,,,,,,5.0,,5.0,5.0,,5.0,2017 02 21 8
2017 02 21 9,6.0,,6.0,4.0,,4.0,6.0,,6.0,3.0,,3.0,,,,,,,2017 02 21 9
2017 02 24 0,6.0,7.0,6.5,3.0,3.0,3.0,,,,,,,,,,,,,2017 02 24 0
2017 02 24 1,9.0,5.0,7.0,4.0,7.0,5.5,8.0,,8.0,5.0,,5.0,,,,,,,2017 02 24 1
2017 02 24 2,,,,,,,3.0,3.0,3.0,6.0,5.0,5.5,4.0,,4.0,5.0,,5.0,2017 02 24 2
2017 02 24 3,,,,,,,6.0,6.0,6.0,8.0,9.0,8.5,7.0,,7.0,6.0,,6.0,2017 02 24 3
2017 02 24 4,3.0,7.0,5.0,7.0,3.0,5.0,7.0,7.0,7.0,2.0,2.0,2.0,,,,,,,2017 02 24 4
2017 02 24 7,8.0,,8.0,5.0,,5.0,8.0,,8.0,5.0,,5.0,,,,,,,2017 02 24 7
2017 02 24 8,7.0,,7.0,5.0,,5.0,5.0,5.0,5.0,7.0,7.0,7.0,6.0,,6.0,6.0,,6.0,2017 02 24 8
2017 02 24 9,5.0,4.0,4.5,7.0,5.0,6.0,4.0,5.0,4.5,5.0,5.0,5.0,5.0,4.0,4.5,5.0,5.0,5.0,2017 02 24 9
2017 03 08 0,4.0,6.0,5.0,6.0,4.0,5.0,7.0,7.0,7.0,6.0,6.0,6.0,,,,,,,2017 03 08 0
2017 03 08 1,3.0,3.0,3.0,6.0,6.0,6.0,6.0,5.0,5.5,5.0,6.0,5.5,,,,,,,2017 03 08 1
2017 03 08 2,3.0,,3.0,6.0,,6.0,7.0,3.0,5.0,3.0,7.0,5.0,,,,,,,2017 03 08 2
2017 03 08 3,6.0,4.0,5.0,3.0,6.0,4.5,,,,,,,4.0,6.0,5.0,6.0,7.0,6.5,2017 03 08 3
2017 03 08 4,5.0,4.0,4.5,3.0,4.0,3.5,2.0,6.0,4.0,6.0,2.0,4.0,5.0,,5.0,4.0,,4.0,2017 03 08 4
2017 03 08 6,,,,,,,2.0,,2.0,6.0,,6.0,,,,,,,2017 03 08 6
2017 03 08 7,,,,,,,5.0,,5.0,5.0,,5.0,,,,,,,2017 03 08 7
2017 03 08 8,,,,,,,6.0,2.0,4.0,3.0,5.0,4.0,,,,,,,2017 03 08 8
2017 03 08 9,4.0,6.0,5.0,6.0,4.0,5.0,7.0,,7.0,7.0,,7.0,5.0,,5.0,5.0,,5.0,2017 03 08 9
2017 03 20 0,6.0,3.0,4.5,3.0,7.0,5.0,7.0,6.0,6.5,2.0,1.0,1.5,,,,,,,2017 03 20 0
2017 03 20 1,6.0,,6.0,4.0,,4.0,,,,,,,4.0,,4.0,5.0,,5.0,2017 03 20 1
2017 03 20 2,5.0,3.0,4.0,6.0,6.0,6.0,6.0,7.0,6.5,6.0,7.0,6.5,,,,,,,2017 03 20 2
2017 03 20 3,6.0,,6.0,7.0,,7.0,6.0,5.0,5.5,5.0,5.0,5.0,3.0,,3.0,4.0,,4.0,2017 03 20 3
2017 03 20 4,6.0,,6.0,5.0,,5.0,6.0,6.0,6.0,5.0,6.0,5.5,,,,,,,2017 03 20 4
2017 03 20 5,5.0,6.0,5.5,4.0,4.0,4.0,6.0,3.0,4.5,3.0,6.0,4.5,5.0,,5.0,5.0,,5.0,2017 03 20 5
2017 03 20 6,4.0,,4.0,6.0,,6.0,5.0,4.0,4.5,4.0,6.0,5.0,,,,,,,2017 03 20 6
2017 03 20 7,,,,,,,6.0,6.0,6.0,5.0,6.0,5.5,,,,,,,2017 03 20 7
2017 03 20 8,6.0,5.0,5.5,5.0,6.0,5.5,,,,,,,,,,,,,2017 03 20 8
2017 03 20 9,5.0,,5.0,5.0,,5.0,,,,,,,4.0,5.0,4.5,6.0,5.0,5.5,2017 03 20 9
2017 03 23 0,,,,,,,5.0,5.0,5.0,5.0,6.0,5.5,,,,,,,2017 03 23 0
2017 03 23 1,4.0,5.0,4.5,6.0,4.0,5.0,5.0,,5.0,6.0,,6.0,,,,,,,2017 03 23 1
2017 03 23 2,,,,,,,6.0,,6.0,6.0,,6.0,5.0,5.0,5.0,6.0,5.0,5.5,2017 03 23 2
2017 03 23 3,5.0,,5.0,5.0,,5.0,7.0,7.0,7.0,7.0,6.0,6.5,,,,,,,2017 03 23 3
2017 03 23 4,2.0,8.0,5.0,8.0,2.0,5.0,8.0,9.0,8.5,3.0,2.0,2.5,,,,,,,2017 03 23 4
2017 03 23 5,6.0,5.0,5.5,4.0,4.0,4.0,,,,,,,,,,,,,2017 03 23 5
2017 03 23 6,2.0,2.0,2.0,8.0,8.0,8.0,,,,,,,7.0,,7.0,3.0,,3.0,2017 03 23 6
2017 03 23 7,2.0,,2.0,6.0,,6.0,,,,,,,,,,,,,2017 03 23 7
2017 03 23 8,,,,,,,5.0,5.0,5.0,6.0,4.0,5.0,,,,,,,2017 03 23 8
2017 03 23 9,6.0,3.0,4.5,3.0,6.0,4.5,6.0,6.0,6.0,2.0,2.0,2.0,5.0,5.0,5.0,5.0,3.0,4.0,2017 03 23 9
2017 04 07 0,4.0,4.0,4.0,5.0,5.0,5.0,5.0,5.0,5.0,5.0,5.0,5.0,4.0,,4.0,6.0,,6.0,2017 04 07 0
2017 04 07 1,6.0,5.0,5.5,3.0,3.0,3.0,5.0,2.0,3.5,3.0,6.0,4.5,4.0,,4.0,4.0,,4.0,2017 04 07 1
2017 04 07 2,5.0,,5.0,3.0,,3.0,,,,,,,5.0,,5.0,5.0,,5.0,2017 04 07 2
2017 04 07 3,5.0,,5.0,4.0,,4.0,5.0,5.0,5.0,4.0,6.0,5.0,,,,,,,2017 04 07 3
2017 04 07 4,3.0,3.0,3.0,3.0,5.0,4.0,4.0,5.0,4.5,7.0,3.0,5.0,4.0,5.0,4.5,5.0,3.0,4.0,2017 04 07 4
2017 04 07 5,5.0,,5.0,5.0,,5.0,6.0,7.0,6.5,6.0,6.0,6.0,6.0,,6.0,6.0,,6.0,2017 04 07 5
2017 04 07 6,5.0,5.0,5.0,5.0,5.0,5.0,,,,,,,5.0,,5.0,5.0,,5.0,2017 04 07 6
2017 04 07 7,6.0,6.0,6.0,3.0,3.0,3.0,6.0,6.0,6.0,4.0,3.0,3.5,6.0,,6.0,3.0,,3.0,2017 04 07 7
2017 04 07 9,6.0,,6.0,5.0,,5.0,,,,,,,6.0,,6.0,5.0,,5.0,2017 04 07 9
2017 04 12 0,6.0,7.0,6.5,5.0,5.0,5.0,5.0,,5.0,7.0,,7.0,,,,,,,2017 04 12 0
2017 04 12 1,4.0,5.0,4.5,5.0,4.0,4.5,4.0,6.0,5.0,6.0,4.0,5.0,6.0,,6.0,5.0,,5.0,2017 04 12 1
2017 04 12 2,6.0,6.0,6.0,7.0,6.0,6.5,7.0,7.0,7.0,7.0,8.0,7.5,7.0,,7.0,6.0,,6.0,2017 04 12 2
2017 04 12 3,5.0,,5.0,4.0,,4.0,4.0,5.0,4.5,5.0,3.0,4.0,4.0,,4.0,4.0,,4.0,2017 04 12 3
2017 04 12 4,7.0,6.0,6.5,3.0,3.0,3.0,7.0,7.0,7.0,4.0,3.0,3.5,,,,,,,2017 04 12 4
2017 04 12 5,6.0,5.0,5.5,7.0,7.0,7.0,7.0,7.0,7.0,9.0,9.0,9.0,6.0,,6.0,6.0,,6.0,2017 04 12 5
2017 04 12 6,6.0,6.0,6.0,5.0,5.0,5.0,6.0,,6.0,4.0,,4.0,5.0,4.0,4.5,5.0,5.0,5.0,2017 04 12 6
2017 04 12 7,,,,,,,7.0,,7.0,5.0,,5.0,7.0,6.0,6.5,4.0,4.0,4.0,2017 04 12 7
2017 04 12 8,3.0,5.0,4.0,6.0,4.0,5.0,5.0,3.0,4.0,2.0,5.0,3.5,5.0,,5.0,5.0,,5.0,2017 04 12 8
2017 04 12 9,6.0,,6.0,6.0,,6.0,6.0,6.0,6.0,6.0,7.0,6.5,5.0,,5.0,5.0,,5.0,2017 04 12 9
2017 05 02 0,8.0,6.0,7.0,6.0,7.0,6.5,5.0,7.0,6.0,8.0,9.0,8.5,,,,,,,2017 05 02 0
2017 05 02 1,5.0,,5.0,4.0,,4.0,5.0,6.0,5.5,6.0,6.0,6.0,5.0,,5.0,5.0,,5.0,2017 05 02 1
2017 05 02 2,6.0,,6.0,3.0,,3.0,7.0,,7.0,2.0,,2.0,6.0,5.0,5.5,5.0,4.0,4.5,2017 05 02 2
2017 05 02 3,4.0,6.0,5.0,5.0,5.0,5.0,8.0,7.0,7.5,6.0,5.0,5.5,6.0,,6.0,7.0,,7.0,2017 05 02 3
2017 05 02 4,6.0,6.0,6.0,4.0,4.0,4.0,6.0,,6.0,5.0,,5.0,,,,,,,2017 05 02 4
2017 05 02 5,,,,,,,5.0,,5.0,3.0,,3.0,4.0,,4.0,5.0,,5.0,2017 05 02 5
2017 05 02 6,6.0,,6.0,5.0,,5.0,6.0,6.0,6.0,6.0,6.0,6.0,,,,,,,2017 05 02 6
2017 05 02 7,6.0,4.0,5.0,6.0,6.0,6.0,6.0,5.0,5.5,8.0,6.0,7.0,6.0,,6.0,6.0,,6.0,2017 05 02 7
2017 05 02 8,5.0,5.0,5.0,5.0,5.0,5.0,5.0,5.0,5.0,5.0,5.0,5.0,,,,,,,2017 05 02 8
2017 05 02 9,4.0,4.0,4.0,6.0,6.0,6.0,6.0,,6.0,6.0,,6.0,,,,,,,2017 05 02 9
2017 05 05 0,5.0,3.0,4.0,2.0,5.0,3.5,5.0,5.0,5.0,3.0,3.0,3.0,,,,,,,2017 05 05 0
2017 05 05 1,2.0,7.0,4.5,7.0,3.0,5.0,,,,,,,3.0,,3.0,7.0,,7.0,2017 05 05 1
2017 05 05 2,6.0,6.0,6.0,5.0,5.0,5.0,5.0,,5.0,5.0,,5.0,,,,,,,2017 05 05 2
2017 05 05 3,5.0,7.0,6.0,10.0,5.0,7.5,5.0,,5.0,6.0,,6.0,,,,,,,2017 05 05 3
2017 05 05 4,,,,,,,7.0,3.0,5.0,5.0,7.0,6.0,,,,,,,2017 05 05 4
2017 05 05 5,,,,,,,7.0,8.0,7.5,8.0,7.0,7.5,,,,,,,2017 05 05 5
2017 05 05 6,,,,,,,3.0,6.0,4.5,6.0,2.0,4.0,6.0,,6.0,4.0,,4.0,2017 05 05 6
2017 05 05 7,5.0,5.0,5.0,4.0,5.0,4.5,5.0,5.0,5.0,5.0,5.0,5.0,,,,,,,2017 05 05 7
2017 05 05 8,,,,,,,6.0,,6.0,2.0,,2.0,4.0,6.0,5.0,6.0,5.0,5.5,2017 05 05 8
2017 05 05 9,2.0,2.0,2.0,8.0,8.0,8.0,8.0,8.0,8.0,3.0,3.0,3.0,7.0,7.0,7.0,4.0,4.0,4.0,2017 05 05 9
2017 05 10 0,8.0,8.0,8.0,6.0,6.0,6.0,7.0,8.0,7.5,8.0,7.0,7.5,7.0,,7.0,8.0,,8.0,2017 05 10 0
2017 05 10 1,3.0,6.0,4.5,6.0,4.0,5.0,2.0,,2.0,6.0,,6.0,,,,,,,2017 05 10 1
2017 05 10 2,,,,,,,2.0,6.0,4.0,7.0,2.0,4.5,5.0,,5.0,5.0,,5.0,2017 05 10 2
2017 05 10 3,6.0,,6.0,3.0,,3.0,6.0,,6.0,3.0,,3.0,5.0,,5.0,5.0,,5.0,2017 05 10 3
2017 05 10 4,5.0,5.0,5.0,4.0,6.0,5.0,5.0,6.0,5.5,5.0,5.0,5.0,,,,,,,2017 05 10 4
2017 05 10 5,6.0,,6.0,5.0,,5.0,6.0,,6.0,6.0,,6.0,4.0,,4.0,5.0,,5.0,2017 05 10 5
2017 05 10 6,6.0,,6.0,3.0,,3.0,3.0,7.0,5.0,7.0,2.0,4.5,,,,,,,2017 05 10 6
2017 05 10 7,6.0,6.0,6.0,7.0,6.0,6.5,7.0,8.0,7.5,8.0,7.0,7.5,,,,,,,2017 05 10 7
2017 05 10 8,6.0,,6.0,4.0,,4.0,2.0,2.0,2.0,7.0,7.0,7.0,,,,,,,2017 05 10 8
2017 05 10 9,6.0,6.0,6.0,7.0,7.0,7.0,7.0,,7.0,7.0,,7.0,6.0,5.0,5.5,5.0,6.0,5.5,2017 05 10 9
2017 05 15 0,5.0,6.0,5.5,6.0,5.0,5.5,5.0,7.0,6.0,7.0,5.0,6.0,4.0,4.0,4.0,5.0,5.0,5.0,2017 05 15 0
2017 05 15 1,6.0,,6.0,5.0,,5.0,6.0,7.0,6.5,5.0,7.0,6.0,5.0,,5.0,5.0,,5.0,2017 05 15 1
2017 05 15 2,7.0,,7.0,3.0,,3.0,7.0,7.0,7.0,3.0,4.0,3.5,6.0,,6.0,5.0,,5.0,2017 05 15 2
2017 05 15 3,,,,,,,3.0,,3.0,6.0,,6.0,5.0,,5.0,5.0,,5.0,2017 05 15 3
2017 05 15 4,6.0,5.0,5.5,4.0,5.0,4.5,,,,,,,,,,,,,2017 05 15 4
2017 05 15 5,4.0,,4.0,7.0,,7.0,7.0,7.0,7.0,7.0,7.0,7.0,,,,,,,2017 05 15 5
2017 05 15 6,5.0,6.0,5.5,5.0,4.0,4.5,6.0,6.0,6.0,7.0,7.0,7.0,6.0,5.0,5.5,6.0,5.0,5.5,2017 05 15 6
2017 05 15 7,4.0,3.0,3.5,6.0,7.0,6.5,7.0,,7.0,2.0,,2.0,,,,,,,2017 05 15 7
2017 05 15 8,6.0,,6.0,6.0,,6.0,6.0,,6.0,7.0,,7.0,,,,,,,2017 05 15 8
2017 05 15 9,5.0,,5.0,4.0,,4.0,5.0,5.0,5.0,5.0,6.0,5.5,3.0,,3.0,5.0,,5.0,2017 05 15 9
2017 05 18 0,6.0,7.0,6.5,5.0,5.0,5.0,6.0,6.0,6.0,5.0,5.0,5.0,,,,,,,2017 05 18 0
2017 05 18 1,5.0,,5.0,4.0,,4.0,6.0,5.0,5.5,5.0,6.0,5.5,5.0,,5.0,5.0,,5.0,2017 05 18 1
2017 05 18 2,,,,,,,2.0,,2.0,7.0,,7.0,5.0,3.0,4.0,5.0,5.0,5.0,2017 05 18 2
2017 05 18 3,6.0,,6.0,5.0,,5.0,7.0,7.0,7.0,5.0,5.0,5.0,7.0,,7.0,5.0,,5.0,2017 05 18 3
2017 05 18 4,4.0,5.0,4.5,5.0,3.0,4.0,,,,,,,4.0,,4.0,3.0,,3.0,2017 05 18 4
2017 05 18 5,7.0,6.0,6.5,5.0,7.0,6.0,5.0,5.0,5.0,7.0,7.0,7.0,5.0,7.0,6.0,5.0,3.0,4.0,2017 05 18 5
2017 05 18 6,6.0,,6.0,3.0,,3.0,,,,,,,,,,,,,2017 05 18 6
2017 05 18 7,6.0,5.0,5.5,4.0,4.0,4.0,,,,,,,,,,,,,2017 05 18 7
2017 05 18 8,,,,,,,3.0,6.0,4.5,6.0,3.0,4.5,5.0,5.0,5.0,5.0,6.0,5.5,2017 05 18 8
2017 05 18 9,6.0,,6.0,5.0,,5.0,,,,,,,5.0,,5.0,6.0,,6.0,2017 05 18 9
2017 06 01 0,6.0,,6.0,4.0,,4.0,6.0,3.0,4.5,3.0,6.0,4.5,5.0,,5.0,5.0,,5.0,2017 06 01 0
2017 06 01 1,6.0,,6.0,4.0,,4.0,6.0,5.0,5.5,4.0,5.0,4.5,4.0,,4.0,5.0,,5.0,2017 06 01 1
2017 06 01 2,2.0,4.0,3.0,7.0,5.0,6.0,6.0,3.0,4.5,6.0,7.0,6.5,,,,,,,2017 06 01 2
2017 06 01 3,3.0,,3.0,7.0,,7.0,,,,,,,,,,,,,2017 06 01 3
2017 06 01 4,3.0,7.0,5.0,6.0,3.0,4.5,7.0,8.0,7.5,2.0,2.0,2.0,6.0,3.0,4.5,3.0,7.0,5.0,2017 06 01 4
2017 06 01 5,,,,,,,6.0,7.0,6.5,2.0,2.0,2.0,6.0,,6.0,4.0,,4.0,2017 06 01 5
2017 06 01 6,4.0,,4.0,6.0,,6.0,7.0,,7.0,4.0,,4.0,,,,,,,2017 06 01 6
2017 06 01 7,2.0,6.0,4.0,7.0,3.0,5.0,7.0,7.0,7.0,2.0,2.0,2.0,,,,,,,2017 06 01 7
2017 06 01 8,6.0,4.0,5.0,4.0,5.0,4.5,6.0,7.0,6.5,7.0,5.0,6.0,5.0,,5.0,6.0,,6.0,2017 06 01 8
2017 06 01 9,3.0,4.0,3.5,8.0,8.0,8.0,8.0,,8.0,4.0,,4.0,,,,,,,2017 06 01 9
2017 06 06 0,6.0,6.0,6.0,5.0,5.0,5.0,6.0,5.0,5.5,5.0,6.0,5.5,5.0,,5.0,6.0,,6.0,2017 06 06 0
2017 06 06 1,3.0,8.0,5.5,7.0,3.0,5.0,7.0,7.0,7.0,3.0,3.0,3.0,6.0,4.0,5.0,4.0,6.0,5.0,2017 06 06 1
2017 06 06 2,,,,,,,5.0,,5.0,5.0,,5.0,,,,,,,2017 06 06 2
2017 06 06 3,5.0,5.0,5.0,2.0,5.0,3.5,5.0,,5.0,5.0,,5.0,5.0,,5.0,5.0,,5.0,2017 06 06 3
2017 06 06 4,,,,,,,6.0,7.0,6.5,2.0,2.0,2.0,,,,,,,2017 06 06 4
2017 06 06 5,2.0,,2.0,6.0,,6.0,6.0,,6.0,2.0,,2.0,5.0,,5.0,5.0,,5.0,2017 06 06 5
2017 06 06 6,,,,,,,6.0,6.0,6.0,6.0,7.0,6.5,6.0,6.0,6.0,5.0,6.0,5.5,2017 06 06 6
2017 06 06 7,7.0,4.0,5.5,3.0,6.0,4.5,7.0,7.0,7.0,7.0,7.0,7.0,5.0,,5.0,5.0,,5.0,2017 06 06 7
2017 06 06 8,3.0,6.0,4.5,6.0,4.0,5.0,6.0,,6.0,3.0,,3.0,6.0,6.0,6.0,6.0,4.0,5.0,2017 06 06 8
2017 06 06 9,6.0,6.0,6.0,3.0,4.0,3.5,5.0,5.0,5.0,5.0,5.0,5.0,,,,,,,2017 06 06 9
2017 06 09 0,4.0,6.0,5.0,6.0,4.0,5.0,7.0,6.0,6.5,7.0,7.0,7.0,5.0,,5.0,6.0,,6.0,2017 06 09 0
2017 06 09 1,6.0,5.0,5.5,5.0,5.0,5.0,5.0,5.0,5.0,6.0,6.0,6.0,4.0,,4.0,5.0,,5.0,2017 06 09 1
2017 06 09 2,6.0,,6.0,4.0,,4.0,7.0,,7.0,6.0,,6.0,5.0,,5.0,5.0,,5.0,2017 06 09 2
2017 06 09 3,,,,,,,2.0,6.0,4.0,6.0,2.0,4.0,5.0,,5.0,5.0,,5.0,2017 06 09 3
2017 06 09 4,6.0,5.0,5.5,4.0,6.0,5.0,6.0,6.0,6.0,6.0,6.0,6.0,,,,,,,2017 06 09 4
2017 06 09 5,4.0,5.0,4.5,5.0,5.0,5.0,7.0,5.0,6.0,5.0,8.0,6.5,,,,,,,2017 06 09 5
2017 06 09 6,,,,,,,7.0,3.0,5.0,2.0,6.0,4.0,5.0,,5.0,6.0,,6.0,2017 06 09 6
2017 06 09 7,6.0,6.0,6.0,3.0,3.0,3.0,2.0,7.0,4.5,7.0,4.0,5.5,,,,,,,2017 06 09 7
2017 06 09 8,,,,,,,5.0,5.0,5.0,5.0,5.0,5.0,,,,,,,2017 06 09 8
2017 06 09 9,5.0,,5.0,5.0,,5.0,,,,,,,4.0,,4.0,6.0,,6.0,2017 06 09 9
2017 06 13 0,6.0,6.0,6.0,4.0,4.0,4.0,3.0,6.0,4.5,6.0,4.0,5.0,4.0,6.0,5.0,4.0,4.0,4.0,2017 06 13 0
2017 06 13 1,2.0,7.0,4.5,7.0,3.0,5.0,4.0,7.0,5.5,6.0,3.0,4.5,,,,,,,2017 06 13 1
2017 06 13 2,5.0,6.0,5.5,6.0,6.0,6.0,8.0,6.0,7.0,6.0,8.0,7.0,7.0,,7.0,7.0,,7.0,2017 06 13 2
2017 06 13 3,6.0,,6.0,5.0,,5.0,,,,,,,5.0,6.0,5.5,5.0,6.0,5.5,2017 06 13 3
2017 06 13 4,4.0,,4.0,5.0,,5.0,5.0,5.0,5.0,5.0,5.0,5.0,,,,,,,2017 06 13 4
2017 06 13 5,4.0,6.0,5.0,6.0,3.0,4.5,5.0,6.0,5.5,6.0,5.0,5.5,4.0,,4.0,6.0,,6.0,2017 06 13 5
2017 06 13 6,5.0,,5.0,3.0,,3.0,5.0,6.0,5.5,4.0,3.0,3.5,,,,,,,2017 06 13 6
2017 06 13 7,5.0,4.0,4.5,4.0,5.0,4.5,5.0,,5.0,3.0,,3.0,,,,,,,2017 06 13 7
2017 06 13 8,5.0,,5.0,4.0,,4.0,,,,,,,5.0,,5.0,5.0,,5.0,2017 06 13 8
2017 06 13 9,5.0,5.0,5.0,9.0,7.0,8.0,6.0,6.0,6.0,6.0,6.0,6.0,5.0,,5.0,5.0,,5.0,2017 06 13 9
2017 06 20 0,5.0,,5.0,8.0,,8.0,6.0,,6.0,7.0,,7.0,,,,,,,2017 06 20 0
2017 06 20 1,4.0,6.0,5.0,7.0,3.0,5.0,,,,,,,,,,,,,2017 06 20 1
2017 06 20 2,1.0,,1.0,7.0,,7.0,7.0,,7.0,4.0,,4.0,3.0,7.0,5.0,7.0,2.0,4.5,2017 06 20 2
2017 06 20 3,6.0,4.0,5.0,4.0,6.0,5.0,,,,,,,,,,,,,2017 06 20 3
2017 06 20 4,5.0,,5.0,5.0,,5.0,5.0,5.0,5.0,5.0,4.0,4.5,,,,,,,2017 06 20 4
2017 06 20 5,4.0,6.0,5.0,6.0,3.0,4.5,8.0,7.0,7.5,7.0,7.0,7.0,,,,,,,2017 06 20 5
2017 06 20 6,6.0,6.0,6.0,3.0,3.0,3.0,7.0,2.0,4.5,3.0,7.0,5.0,,,,,,,2017 06 20 6
2017 06 20 7,,,,,,,6.0,6.0,6.0,5.0,5.0,5.0,5.0,6.0,5.5,5.0,4.0,4.5,2017 06 20 7
2017 06 20 8,6.0,6.0,6.0,3.0,4.0,3.5,6.0,7.0,6.5,7.0,5.0,6.0,7.0,,7.0,4.0,,4.0,2017 06 20 8
2017 06 20 9,5.0,5.0,5.0,7.0,5.0,6.0,,,,,,,5.0,5.0,5.0,4.0,5.0,4.5,2017 06 20 9
2017 09 19 0,,,,,,,5.0,5.0,5.0,4.0,5.0,4.5,4.0,,4.0,5.0,,5.0,2017 09 19 0
2017 09 19 1,,,,,,,2.0,,2.0,8.0,,8.0,,,,,,,2017 09 19 1
2017 09 19 2,,,,,,,7.0,7.0,7.0,7.0,7.0,7.0,6.0,,6.0,5.0,,5.0,2017 09 19 2
2017 09 19 3,1.0,,1.0,7.0,,7.0,8.0,,8.0,2.0,,2.0,,,,,,,2017 09 19 3
2017 09 19 4,7.0,4.0,5.5,3.0,6.0,4.5,8.0,7.0,7.5,7.0,7.0,7.0,6.0,,6.0,5.0,,5.0,2017 09 19 4
2017 09 19 5,5.0,5.0,5.0,4.0,4.0,4.0,5.0,,5.0,2.0,,2.0,5.0,,5.0,5.0,,5.0,2017 09 19 5
2017 09 19 6,4.0,6.0,5.0,6.0,4.0,5.0,5.0,,5.0,5.0,,5.0,6.0,,6.0,5.0,,5.0,2017 09 19 6
2017 09 19 7,6.0,,6.0,5.0,,5.0,6.0,6.0,6.0,6.0,6.0,6.0,,,,,,,2017 09 19 7
2017 09 19 8,5.0,5.0,5.0,6.0,6.0,6.0,7.0,5.0,6.0,5.0,8.0,6.5,5.0,,5.0,5.0,,5.0,2017 09 19 8
2017 09 19 9,6.0,4.0,5.0,4.0,6.0,5.0,,,,,,,,,,,,,2017 09 19 9
2017 09 22 0,7.0,6.0,6.5,4.0,5.0,4.5,6.0,6.0,6.0,4.0,4.0,4.0,,,,,,,2017 09 22 0
2017 09 22 1,,,,,,,5.0,5.0,5.0,6.0,6.0,6.0,,,,,,,2017 09 22 1
2017 09 22 2,6.0,5.0,5.5,5.0,5.0,5.0,6.0,5.0,5.5,5.0,5.0,5.0,5.0,,5.0,5.0,,5.0,2017 09 22 2
2017 09 22 3,6.0,5.0,5.5,3.0,3.0,3.0,5.0,5.0,5.0,3.0,3.0,3.0,4.0,5.0,4.5,5.0,4.0,4.5,2017 09 22 3
2017 09 22 4,6.0,,6.0,3.0,,3.0,7.0,8.0,7.5,3.0,2.0,2.5,6.0,5.0,5.5,4.0,4.0,4.0,2017 09 22 4
2017 09 22 5,4.0,,4.0,5.0,,5.0,5.0,5.0,5.0,5.0,6.0,5.5,4.0,5.0,4.5,6.0,5.0,5.5,2017 09 22 5
2017 09 22 6,6.0,,6.0,6.0,,6.0,7.0,7.0,7.0,4.0,4.0,4.0,7.0,6.0,6.5,6.0,4.0,5.0,2017 09 22 6
2017 09 22 7,6.0,6.0,6.0,3.0,3.0,3.0,,,,,,,7.0,5.0,6.0,5.0,3.0,4.0,2017 09 22 7
2017 09 22 8,5.0,5.0,5.0,5.0,5.0,5.0,6.0,5.0,5.5,4.0,4.0,4.0,5.0,,5.0,5.0,,5.0,2017 09 22 8
2017 09 22 9,5.0,5.0,5.0,5.0,5.0,5.0,5.0,,5.0,7.0,,7.0,,,,,,,2017 09 22 9
2017 09 27 0,7.0,7.0,7.0,3.0,5.0,4.0,7.0,7.0,7.0,7.0,7.0,7.0,,,,,,,2017 09 27 0
2017 09 27 1,7.0,7.0,7.0,4.0,4.0,4.0,,,,,,,,,,,,,2017 09 27 1
2017 09 27 2,6.0,,6.0,4.0,,4.0,7.0,7.0,7.0,6.0,7.0,6.5,,,,,,,2017 09 27 2
2017 09 27 3,6.0,5.0,5.5,4.0,5.0,4.5,5.0,5.0,5.0,8.0,8.0,8.0,,,,,,,2017 09 27 3
2017 09 27 4,6.0,7.0,6.5,3.0,3.0,3.0,7.0,6.0,6.5,3.0,2.0,2.5,,,,,,,2017 09 27 4
2017 09 27 5,6.0,,6.0,4.0,,4.0,7.0,7.0,7.0,3.0,3.0,3.0,,,,,,,2017 09 27 5
2017 09 27 6,5.0,,5.0,3.0,,3.0,6.0,5.0,5.5,2.0,2.0,2.0,,,,,,,2017 09 27 6
2017 09 27 7,7.0,7.0,7.0,3.0,2.0,2.5,9.0,8.0,8.5,1.0,1.0,1.0,7.0,6.0,6.5,4.0,4.0,4.0,2017 09 27 7
2017 09 27 8,5.0,5.0,5.0,3.0,3.0,3.0,6.0,6.0,6.0,4.0,3.0,3.5,6.0,6.0,6.0,5.0,4.0,4.5,2017 09 27 8
2017 09 27 9,,,,,,,4.0,4.0,4.0,5.0,5.0,5.0,5.0,,5.0,5.0,,5.0,2017 09 27 9
2017 10 02 0,5.0,5.0,5.0,5.0,5.0,5.0,6.0,5.0,5.5,6.0,5.0,5.5,5.0,,5.0,5.0,,5.0,2017 10 02 0
2017 10 02 1,5.0,6.0,5.5,4.0,5.0,4.5,5.0,,5.0,6.0,,6.0,6.0,6.0,6.0,6.0,7.0,6.5,2017 10 02 1
2017 10 02 2,5.0,5.0,5.0,3.0,3.0,3.0,6.0,6.0,6.0,6.0,6.0,6.0,,,,,,,2017 10 02 2
2017 10 02 3,6.0,6.0,6.0,3.0,3.0,3.0,7.0,7.0,7.0,4.0,4.0,4.0,5.0,,5.0,5.0,,5.0,2017 10 02 3
2017 10 02 4,5.0,5.0,5.0,6.0,4.0,5.0,6.0,5.0,5.5,6.0,7.0,6.5,5.0,,5.0,5.0,,5.0,2017 10 02 4
2017 10 02 5,7.0,7.0,7.0,3.0,3.0,3.0,7.0,7.0,7.0,5.0,4.0,4.5,,,,,,,2017 10 02 5
2017 10 02 6,6.0,6.0,6.0,4.0,3.0,3.5,7.0,7.0,7.0,3.0,3.0,3.0,,,,,,,2017 10 02 6
2017 10 02 7,7.0,6.0,6.5,4.0,4.0,4.0,6.0,6.0,6.0,6.0,6.0,6.0,6.0,,6.0,6.0,,6.0,2017 10 02 7
2017 10 02 8,7.0,6.0,6.5,2.0,3.0,2.5,6.0,,6.0,5.0,,5.0,7.0,7.0,7.0,3.0,3.0,3.0,2017 10 02 8
2017 10 02 9,5.0,5.0,5.0,6.0,6.0,6.0,5.0,5.0,5.0,6.0,6.0,6.0,3.0,5.0,4.0,8.0,5.0,6.5,2017 10 02 9
2017 10 05 0,7.0,7.0,7.0,3.0,3.0,3.0,7.0,7.0,7.0,5.0,5.0,5.0,7.0,6.0,6.5,7.0,7.0,7.0,2017 10 05 0
2017 10 05 1,6.0,6.0,6.0,3.0,3.0,3.0,7.0,7.0,7.0,2.0,2.0,2.0,6.0,,6.0,4.0,,4.0,2017 10 05 1
2017 10 05 2,,,,,,,6.0,6.0,6.0,6.0,6.0,6.0,5.0,,5.0,5.0,,5.0,2017 10 05 2
2017 10 05 3,6.0,6.0,6.0,6.0,6.0,6.0,8.0,8.0,8.0,8.0,8.0,8.0,8.0,7.0,7.5,7.0,7.0,7.0,2017 10 05 3
2017 10 05 4,6.0,,6.0,4.0,,4.0,6.0,6.0,6.0,5.0,5.0,5.0,,,,,,,2017 10 05 4
2017 10 05 5,7.0,,7.0,3.0,,3.0,,,,,,,5.0,4.0,4.5,5.0,5.0,5.0,2017 10 05 5
2017 10 05 6,6.0,6.0,6.0,4.0,4.0,4.0,,,,,,,5.0,,5.0,5.0,,5.0,2017 10 05 6
2017 10 05 7,6.0,,6.0,5.0,,5.0,5.0,,5.0,6.0,,6.0,5.0,,5.0,5.0,,5.0,2017 10 05 7
2017 10 05 8,5.0,5.0,5.0,5.0,7.0,6.0,5.0,5.0,5.0,5.0,5.0,5.0,,,,,,,2017 10 05 8
2017 10 05 9,6.0,6.0,6.0,5.0,5.0,5.0,5.0,6.0,5.5,5.0,5.0,5.0,5.0,,5.0,5.0,,5.0,2017 10 05 9
2017 10 17 0,5.0,,5.0,3.0,,3.0,6.0,5.0,5.5,3.0,3.0,3.0,5.0,5.0,5.0,2.0,5.0,3.5,2017 10 17 0
2017 10 17 1,5.0,5.0,5.0,6.0,6.0,6.0,6.0,5.0,5.5,6.0,6.0,6.0,,,,,,,2017 10 17 1
2017 10 17 2,6.0,,6.0,3.0,,3.0,7.0,7.0,7.0,1.0,1.0,1.0,7.0,,7.0,3.0,,3.0,2017 10 17 2
2017 10 17 3,7.0,7.0,7.0,2.0,3.0,2.5,7.0,7.0,7.0,3.0,5.0,4.0,7.0,8.0,7.5,4.0,4.0,4.0,2017 10 17 3
2017 10 17 4,,,,,,,7.0,8.0,7.5,7.0,6.0,6.5,7.0,,7.0,6.0,,6.0,2017 10 17 4
2017 10 17 5,6.0,,6.0,2.0,,2.0,7.0,,7.0,2.0,,2.0,,,,,,,2017 10 17 5
2017 10 17 6,7.0,7.0,7.0,2.0,3.0,2.5,8.0,,8.0,2.0,,2.0,7.0,7.0,7.0,3.0,1.0,2.0,2017 10 17 6
2017 10 17 7,7.0,6.0,6.5,3.0,4.0,3.5,6.0,6.0,6.0,4.0,4.0,4.0,8.0,7.0,7.5,4.0,5.0,4.5,2017 10 17 7
2017 10 17 8,5.0,5.0,5.0,6.0,9.0,7.5,5.0,,5.0,8.0,,8.0,,,,,,,2017 10 17 8
2017 10 17 9,5.0,,5.0,6.0,,6.0,5.0,,5.0,7.0,,7.0,,,,,,,2017 10 17 9
2017 10 20 0,5.0,6.0,5.5,4.0,5.0,4.5,6.0,,6.0,5.0,,5.0,,,,,,,2017 10 20 0
2017 10 20 1,6.0,6.0,6.0,3.0,3.0,3.0,7.0,6.0,6.5,3.0,2.0,2.5,6.0,6.0,6.0,3.0,4.0,3.5,2017 10 20 1
2017 10 20 2,6.0,6.0,6.0,4.0,5.0,4.5,6.0,,6.0,5.0,,5.0,6.0,,6.0,8.0,,8.0,2017 10 20 2
2017 10 20 3,6.0,6.0,6.0,4.0,4.0,4.0,6.0,,6.0,4.0,,4.0,5.0,,5.0,5.0,,5.0,2017 10 20 3
2017 10 20 4,7.0,6.0,6.5,4.0,5.0,4.5,6.0,7.0,6.5,6.0,7.0,6.5,5.0,,5.0,5.0,,5.0,2017 10 20 4
2017 10 20 5,5.0,5.0,5.0,6.0,8.0,7.0,5.0,6.0,5.5,7.0,7.0,7.0,5.0,,5.0,5.0,,5.0,2017 10 20 5
2017 10 20 6,3.0,6.0,4.5,8.0,5.0,6.5,6.0,,6.0,7.0,,7.0,,,,,,,2017 10 20 6
2017 10 20 7,6.0,6.0,6.0,5.0,5.0,5.0,6.0,6.0,6.0,7.0,7.0,7.0,,,,,,,2017 10 20 7
2017 10 20 8,6.0,,6.0,4.0,,4.0,6.0,,6.0,6.0,,6.0,,,,,,,2017 10 20 8
2017 10 20 9,6.0,6.0,6.0,4.0,4.0,4.0,6.0,6.0,6.0,6.0,6.0,6.0,,,,,,,2017 10 20 9
2017 10 25 0,6.0,,6.0,2.0,,2.0,7.0,7.0,7.0,2.0,1.0,1.5,6.0,7.0,6.5,3.0,3.0,3.0,2017 10 25 0
2017 10 25 1,8.0,,8.0,2.0,,2.0,8.0,9.0,8.5,1.0,1.0,1.0,,,,,,,2017 10 25 1
2017 10 25 2,6.0,7.0,6.5,3.0,3.0,3.0,7.0,,7.0,4.0,,4.0,7.0,8.0,7.5,4.0,3.0,3.5,2017 10 25 2
2017 10 25 3,8.0,7.0,7.5,2.0,3.0,2.5,8.0,,8.0,3.0,,3.0,8.0,7.0,7.5,2.0,2.0,2.0,2017 10 25 3
2017 10 25 4,6.0,5.0,5.5,4.0,5.0,4.5,6.0,6.0,6.0,6.0,7.0,6.5,,,,,,,2017 10 25 4
2017 10 25 5,6.0,,6.0,3.0,,3.0,7.0,7.0,7.0,4.0,4.0,4.0,,,,,,,2017 10 25 5
2017 10 25 6,6.0,6.0,6.0,6.0,4.0,5.0,7.0,7.0,7.0,7.0,7.0,7.0,7.0,6.0,6.5,3.0,5.0,4.0,2017 10 25 6
2017 10 25 7,6.0,6.0,6.0,1.0,2.0,1.5,6.0,5.0,5.5,2.0,1.0,1.5,4.0,,4.0,3.0,,3.0,2017 10 25 7
2017 10 25 8,6.0,6.0,6.0,6.0,7.0,6.5,7.0,7.0,7.0,5.0,6.0,5.5,5.0,6.0,5.5,6.0,5.0,5.5,2017 10 25 8
2017 10 25 9,,,,,,,7.0,7.0,7.0,5.0,5.0,5.0,,,,,,,2017 10 25 9
2017 10 30 0,6.0,6.0,6.0,4.0,4.0,4.0,5.0,6.0,5.5,5.0,4.0,4.5,5.0,5.0,5.0,4.0,4.0,4.0,2017 10 30 0
2017 10 30 1,6.0,6.0,6.0,3.0,4.0,3.5,5.0,5.0,5.0,5.0,4.0,4.5,4.0,,4.0,5.0,,5.0,2017 10 30 1
2017 10 30 3,5.0,6.0,5.5,4.0,4.0,4.0,7.0,,7.0,7.0,,7.0,7.0,,7.0,7.0,,7.0,2017 10 30 3
2017 10 30 4,6.0,5.0,5.5,3.0,4.0,3.5,5.0,,5.0,5.0,,5.0,5.0,,5.0,5.0,,5.0,2017 10 30 4
2017 10 30 5,,,,,,,7.0,7.0,7.0,4.0,5.0,4.5,,,,,,,2017 10 30 5
2017 10 30 6,7.0,7.0,7.0,3.0,3.0,3.0,7.0,6.0,6.5,5.0,5.0,5.0,6.0,,6.0,6.0,,6.0,2017 10 30 6
2017 10 30 7,,,,,,,7.0,7.0,7.0,3.0,3.0,3.0,7.0,,7.0,4.0,,4.0,2017 10 30 7
2017 10 30 8,5.0,,5.0,3.0,,3.0,7.0,6.0,6.5,2.0,2.0,2.0,5.0,,5.0,4.0,,4.0,2017 10 30 8
2017 10 30 9,7.0,6.0,6.5,3.0,3.0,3.0,6.0,,6.0,5.0,,5.0,,,,,,,2017 10 30 9
2017 11 02 0,4.0,5.0,4.5,4.0,3.0,3.5,6.0,6.0,6.0,5.0,5.0,5.0,,,,,,,2017 11 02 0
2017 11 02 1,6.0,,6.0,2.0,,2.0,7.0,,7.0,5.0,,5.0,6.0,6.0,6.0,5.0,6.0,5.5,2017 11 02 1
2017 11 02 2,9.0,,9.0,1.0,,1.0,8.0,8.0,8.0,1.0,2.0,1.5,8.0,,8.0,3.0,,3.0,2017 11 02 2
2017 11 02 3,6.0,6.0,6.0,1.0,2.0,1.5,7.0,7.0,7.0,2.0,2.0,2.0,6.0,,6.0,4.0,,4.0,2017 11 02 3
2017 11 02 4,6.0,6.0,6.0,1.0,3.0,2.0,6.0,6.0,6.0,3.0,2.0,2.5,6.0,,6.0,3.0,,3.0,2017 11 02 4
2017 11 02 5,7.0,7.0,7.0,2.0,3.0,2.5,7.0,6.0,6.5,3.0,3.0,3.0,6.0,,6.0,3.0,,3.0,2017 11 02 5
2017 11 02 6,,,,,,,5.0,,5.0,4.0,,4.0,5.0,3.0,4.0,5.0,5.0,5.0,2017 11 02 6
2017 11 02 7,10.0,10.0,10.0,0.0,0.0,0.0,9.0,8.0,8.5,1.0,1.0,1.0,7.0,8.0,7.5,2.0,3.0,2.5,2017 11 02 7
2017 11 02 8,5.0,5.0,5.0,5.0,5.0,5.0,5.0,5.0,5.0,6.0,6.0,6.0,6.0,,6.0,5.0,,5.0,2017 11 02 8
2017 11 02 9,5.0,5.0,5.0,4.0,4.0,4.0,5.0,5.0,5.0,5.0,5.0,5.0,,,,,,,2017 11 02 9
2017 11 07 0,7.0,7.0,7.0,4.0,2.0,3.0,7.0,,7.0,7.0,,7.0,,,,,,,2017 11 07 0
2017 11 07 1,7.0,7.0,7.0,4.0,3.0,3.5,7.0,7.0,7.0,4.0,4.0,4.0,6.0,7.0,6.5,4.0,4.0,4.0,2017 11 07 1
2017 11 07 2,7.0,7.0,7.0,2.0,3.0,2.5,7.0,8.0,7.5,4.0,4.0,4.0,7.0,,7.0,5.0,,5.0,2017 11 07 2
2017 11 07 3,7.0,7.0,7.0,3.0,3.0,3.0,7.0,7.0,7.0,6.0,8.0,7.0,8.0,,8.0,3.0,,3.0,2017 11 07 3
2017 11 07 4,7.0,7.0,7.0,3.0,3.0,3.0,7.0,8.0,7.5,4.0,4.0,4.0,7.0,,7.0,4.0,,4.0,2017 11 07 4
2017 11 07 5,7.0,6.0,6.5,3.0,3.0,3.0,,,,,,,,,,,,,2017 11 07 5
2017 11 07 6,7.0,6.0,6.5,3.0,3.0,3.0,7.0,8.0,7.5,2.0,2.0,2.0,7.0,,7.0,3.0,,3.0,2017 11 07 6
2017 11 07 7,6.0,5.0,5.5,4.0,5.0,4.5,6.0,6.0,6.0,8.0,8.0,8.0,,,,,,,2017 11 07 7
2017 11 07 8,7.0,6.0,6.5,3.0,4.0,3.5,6.0,6.0,6.0,5.0,4.0,4.5,,,,,,,2017 11 07 8
2017 11 07 9,8.0,7.0,7.5,2.0,3.0,2.5,8.0,8.0,8.0,5.0,4.0,4.5,8.0,,8.0,2.0,,2.0,2017 11 07 9
2017 11 20 0,7.0,6.0,6.5,4.0,4.0,4.0,,,,,,,7.0,6.0,6.5,6.0,7.0,6.5,2017 11 20 0
2017 11 20 1,6.0,6.0,6.0,5.0,6.0,5.5,7.0,7.0,7.0,7.0,7.0,7.0,6.0,6.0,6.0,6.0,7.0,6.5,2017 11 20 1
2017 11 20 2,,,,,,,6.0,6.0,6.0,5.0,7.0,6.0,,,,,,,2017 11 20 2
2017 11 20 3,7.0,7.0,7.0,1.0,3.0,2.0,7.0,8.0,7.5,2.0,2.0,2.0,7.0,,7.0,3.0,,3.0,2017 11 20 3
2017 11 20 4,6.0,5.0,5.5,4.0,4.0,4.0,6.0,,6.0,7.0,,7.0,5.0,5.0,5.0,5.0,5.0,5.0,2017 11 20 4
2017 11 20 5,6.0,7.0,6.5,4.0,2.0,3.0,7.0,7.0,7.0,6.0,7.0,6.5,7.0,,7.0,5.0,,5.0,2017 11 20 5
2017 11 20 6,6.0,6.0,6.0,3.0,3.0,3.0,6.0,,6.0,3.0,,3.0,5.0,,5.0,2.0,,2.0,2017 11 20 6
2017 11 20 7,7.0,8.0,7.5,2.0,3.0,2.5,,,,,,,,,,,,,2017 11 20 7
2017 11 20 8,8.0,7.0,7.5,1.0,1.0,1.0,7.0,,7.0,1.0,,1.0,,,,,,,2017 11 20 8
2017 11 20 9,6.0,5.0,5.5,3.0,4.0,3.5,5.0,5.0,5.0,5.0,5.0,5.0,4.0,,4.0,5.0,,5.0,2017 11 20 9
2017 11 23 0,6.0,7.0,6.5,4.0,3.0,3.5,7.0,7.0,7.0,6.0,4.0,5.0,7.0,,7.0,6.0,,6.0,2017 11 23 0
2017 11 23 1,,,,,,,6.0,6.0,6.0,8.0,8.0,8.0,5.0,3.0,4.0,5.0,7.0,6.0,2017 11 23 1
2017 11 23 2,5.0,5.0,5.0,4.0,2.0,3.0,7.0,7.0,7.0,4.0,3.0,3.5,5.0,5.0,5.0,4.0,5.0,4.5,2017 11 23 2
2017 11 23 3,5.0,5.0,5.0,6.0,6.0,6.0,5.0,6.0,5.5,8.0,6.0,7.0,5.0,,5.0,5.0,,5.0,2017 11 23 3
2017 11 23 4,7.0,6.0,6.5,5.0,4.0,4.5,6.0,6.0,6.0,6.0,6.0,6.0,6.0,,6.0,5.0,,5.0,2017 11 23 4
2017 11 23 5,6.0,7.0,6.5,4.0,3.0,3.5,7.0,6.0,6.5,4.0,4.0,4.0,,,,,,,2017 11 23 5
2017 11 23 6,,,,,,,8.0,7.0,7.5,3.0,3.0,3.0,7.0,7.0,7.0,5.0,3.0,4.0,2017 11 23 6
2017 11 23 7,6.0,6.0,6.0,6.0,4.0,5.0,6.0,,6.0,4.0,,4.0,5.0,,5.0,5.0,,5.0,2017 11 23 7
2017 11 23 8,5.0,5.0,5.0,5.0,5.0,5.0,6.0,6.0,6.0,5.0,7.0,6.0,3.0,,3.0,5.0,,5.0,2017 11 23 8
2017 11 23 9,6.0,6.0,6.0,4.0,4.0,4.0,7.0,6.0,6.5,5.0,5.0,5.0,7.0,6.0,6.5,5.0,4.0,4.5,2017 11 23 9
2017 11 28 0,10.0,8.0,9.0,1.0,2.0,1.5,9.0,,9.0,7.0,,7.0,7.0,,7.0,7.0,,7.0,2017 11 28 0
2017 11 28 1,5.0,5.0,5.0,5.0,4.0,4.5,5.0,,5.0,5.0,,5.0,5.0,4.0,4.5,5.0,5.0,5.0,2017 11 28 1
2017 11 28 2,4.0,4.0,4.0,4.0,4.0,4.0,5.0,5.0,5.0,5.0,5.0,5.0,5.0,4.0,4.5,5.0,5.0,5.0,2017 11 28 2
2017 11 28 3,7.0,,7.0,3.0,,3.0,7.0,7.0,7.0,3.0,3.0,3.0,6.0,,6.0,5.0,,5.0,2017 11 28 3
2017 11 28 4,5.0,,5.0,5.0,,5.0,5.0,,5.0,6.0,,6.0,,,,,,,2017 11 28 4
2017 11 28 5,6.0,6.0,6.0,3.0,4.0,3.5,6.0,6.0,6.0,5.0,5.0,5.0,6.0,,6.0,5.0,,5.0,2017 11 28 5
2017 11 28 6,6.0,6.0,6.0,3.0,3.0,3.0,7.0,6.0,6.5,3.0,4.0,3.5,6.0,6.0,6.0,4.0,4.0,4.0,2017 11 28 6
2017 11 28 7,6.0,6.0,6.0,3.0,4.0,3.5,7.0,7.0,7.0,3.0,3.0,3.0,7.0,,7.0,2.0,,2.0,2017 11 28 7
2017 11 28 8,6.0,6.0,6.0,6.0,5.0,5.5,5.0,6.0,5.5,6.0,7.0,6.5,5.0,,5.0,6.0,,6.0,2017 11 28 8
2017 11 28 9,6.0,6.0,6.0,4.0,6.0,5.0,5.0,5.0,5.0,7.0,7.0,7.0,5.0,,5.0,5.0,,5.0,2017 11 28 9
2017 12 01 0,7.0,6.0,6.5,2.0,3.0,2.5,6.0,,6.0,4.0,,4.0,5.0,,5.0,4.0,,4.0,2017 12 01 0
2017 12 01 1,6.0,,6.0,4.0,,4.0,6.0,7.0,6.5,4.0,4.0,4.0,,,,,,,2017 12 01 1
2017 12 01 2,6.0,5.0,5.5,3.0,3.0,3.0,7.0,,7.0,3.0,,3.0,6.0,6.0,6.0,4.0,4.0,4.0,2017 12 01 2
2017 12 01 3,6.0,,6.0,3.0,,3.0,,,,,,,5.0,,5.0,4.0,,4.0,2017 12 01 3
2017 12 01 4,5.0,,5.0,4.0,,4.0,5.0,,5.0,4.0,,4.0,6.0,5.0,5.5,5.0,4.0,4.5,2017 12 01 4
2017 12 01 5,5.0,,5.0,6.0,,6.0,6.0,,6.0,6.0,,6.0,5.0,4.0,4.5,5.0,5.0,5.0,2017 12 01 5
2017 12 01 6,7.0,6.0,6.5,3.0,4.0,3.5,6.0,7.0,6.5,6.0,7.0,6.5,,,,,,,2017 12 01 6
2017 12 01 7,6.0,,6.0,3.0,,3.0,6.0,6.0,6.0,3.0,3.0,3.0,5.0,,5.0,4.0,,4.0,2017 12 01 7
2017 12 01 8,5.0,5.0,5.0,5.0,5.0,5.0,5.0,5.0,5.0,6.0,8.0,7.0,,,,,,,2017 12 01 8
2017 12 01 9,5.0,,5.0,3.0,,3.0,6.0,,6.0,3.0,,3.0,5.0,,5.0,4.0,,4.0,2017 12 01 9
2017 12 05 0,6.0,6.0,6.0,3.0,3.0,3.0,7.0,7.0,7.0,4.0,3.0,3.5,6.0,,6.0,3.0,,3.0,2017 12 05 0
2017 12 05 1,7.0,,7.0,3.0,,3.0,7.0,7.0,7.0,5.0,5.0,5.0,6.0,6.0,6.0,5.0,5.0,5.0,2017 12 05 1
2017 12 05 2,6.0,6.0,6.0,4.0,5.0,4.5,6.0,,6.0,6.0,,6.0,6.0,6.0,6.0,7.0,5.0,6.0,2017 12 05 2
2017 12 05 3,4.0,5.0,4.5,5.0,4.0,4.5,5.0,5.0,5.0,6.0,6.0,6.0,5.0,,5.0,5.0,,5.0,2017 12 05 3
2017 12 05 4,6.0,,6.0,9.0,,9.0,7.0,7.0,7.0,9.0,9.0,9.0,5.0,,5.0,7.0,,7.0,2017 12 05 4
2017 12 05 5,5.0,3.0,4.0,8.0,7.0,7.5,5.0,6.0,5.5,6.0,8.0,7.0,5.0,5.0,5.0,6.0,6.0,6.0,2017 12 05 5
2017 12 05 6,10.0,9.0,9.5,0.0,1.0,0.5,9.0,9.0,9.0,1.0,1.0,1.0,7.0,8.0,7.5,2.0,2.0,2.0,2017 12 05 6
2017 12 05 7,6.0,6.0,6.0,3.0,4.0,3.5,6.0,7.0,6.5,5.0,5.0,5.0,6.0,,6.0,6.0,,6.0,2017 12 05 7
2017 12 05 8,7.0,7.0,7.0,4.0,4.0,4.0,,,,,,,6.0,8.0,7.0,7.0,8.0,7.5,2017 12 05 8
2017 12 05 9,3.0,5.0,4.0,6.0,7.0,6.5,6.0,5.0,5.5,7.0,6.0,6.5,,,,,,,2017 12 05 9
2017 12 08 0,6.0,6.0,6.0,5.0,5.0,5.0,5.0,6.0,5.5,5.0,5.0,5.0,5.0,5.0,5.0,5.0,5.0,5.0,2017 12 08 0
2017 12 08 1,6.0,7.0,6.5,3.0,3.0,3.0,,,,,,,6.0,,6.0,4.0,,4.0,2017 12 08 1
2017 12 08 2,7.0,,7.0,3.0,,3.0,7.0,,7.0,4.0,,4.0,,,,,,,2017 12 08 2
2017 12 08 3,5.0,6.0,5.5,4.0,4.0,4.0,5.0,5.0,5.0,5.0,5.0,5.0,4.0,5.0,4.5,3.0,3.0,3.0,2017 12 08 3
2017 12 08 4,,,,,,,7.0,,7.0,3.0,,3.0,6.0,,6.0,4.0,,4.0,2017 12 08 4
2017 12 08 5,,,,,,,5.0,5.0,5.0,5.0,6.0,5.5,4.0,,4.0,6.0,,6.0,2017 12 08 5
2017 12 08 6,5.0,5.0,5.0,5.0,5.0,5.0,6.0,,6.0,4.0,,4.0,5.0,,5.0,4.0,,4.0,2017 12 08 6
2017 12 08 7,6.0,,6.0,2.0,,2.0,6.0,,6.0,1.0,,1.0,5.0,,5.0,3.0,,3.0,2017 12 08 7
2017 12 08 8,4.0,5.0,4.5,5.0,5.0,5.0,5.0,6.0,5.5,8.0,8.0,8.0,,,,,,,2017 12 08 8
2017 12 08 9,6.0,5.0,5.5,6.0,4.0,5.0,6.0,,6.0,6.0,,6.0,5.0,5.0,5.0,6.0,5.0,5.5,2017 12 08 9
2017 12 1 0,,,,,,,6.0,6.0,6.0,5.0,4.0,4.5,,,,,,,2017 12 1 0
2017 12 1 1,6.0,,6.0,4.0,,4.0,6.0,7.0,6.5,3.0,3.0,3.0,,,,,,,2017 12 1 1
2017 12 1 2,,,,,,,7.0,,7.0,2.0,,2.0,,,,,,,2017 12 1 2
2017 12 1 3,,,,,,,6.0,,6.0,5.0,,5.0,5.0,6.0,5.5,4.0,4.0,4.0,2017 12 1 3
2017 12 1 5,5.0,,5.0,5.0,,5.0,,,,,,,,,,,,,2017 12 1 5
2017 12 1 6,6.0,6.0,6.0,4.0,4.0,4.0,7.0,7.0,7.0,8.0,8.0,8.0,,,,,,,2017 12 1 6
2017 12 1 7,,,,,,,6.0,5.0,5.5,2.0,2.0,2.0,,,,,,,2017 12 1 7
2017 12 1 8,,,,,,,5.0,5.0,5.0,8.0,8.0,8.0,,,,,,,2017 12 1 8
2017 12 1 9,5.0,,5.0,5.0,,5.0,5.0,,5.0,3.0,,3.0,,,,,,,2017 12 1 9
2017 12 13 0,8.0,,8.0,1.0,,1.0,8.0,8.0,8.0,2.0,2.0,2.0,7.0,8.0,7.5,3.0,2.0,2.5,2017 12 13 0
2017 12 13 1,,,,,,,7.0,,7.0,6.0,,6.0,6.0,5.0,5.5,6.0,5.0,5.5,2017 12 13 1
2017 12 13 2,7.0,7.0,7.0,3.0,3.0,3.0,8.0,,8.0,8.0,,8.0,,,,,,,2017 12 13 2
2017 12 13 3,9.0,8.0,8.5,1.0,2.0,1.5,9.0,9.0,9.0,2.0,1.0,1.5,7.0,,7.0,3.0,,3.0,2017 12 13 3
2017 12 13 4,10.0,,10.0,0.0,,0.0,,,,,,,10.0,,10.0,7.0,,7.0,2017 12 13 4
2017 12 13 5,6.0,7.0,6.5,3.0,3.0,3.0,,,,,,,6.0,,6.0,5.0,,5.0,2017 12 13 5
2017 12 13 6,6.0,,6.0,4.0,,4.0,5.0,6.0,5.5,6.0,7.0,6.5,,,,,,,2017 12 13 6
2017 12 13 7,,,,,,,8.0,9.0,8.5,2.0,2.0,2.0,,,,,,,2017 12 13 7
2017 12 13 8,6.0,,6.0,4.0,,4.0,6.0,6.0,6.0,4.0,4.0,4.0,5.0,,5.0,4.0,,4.0,2017 12 13 8
2017 12 13 9,,,,,,,5.0,5.0,5.0,2.0,1.0,1.5,,,,,,,2017 12 13 9
